Ligands HGNC,Receptors HGNC,Supports,id_cp_interaction,partner_a,partner_b,protein_name_a,protein_name_b,annotation_strategy,source,is_ppi,curator,reactome_complex,reactome_reaction,reactome_pathway,complexPortal_complex,comments,version,interactors,classification,directionality,modulatory_effect
CADM1,CADM1,<a target='_blank' href='https://www.ncbi.nlm.nih.gov/pubmed/24503895'>24503895</a>,,Q9BY67,Q9BY67,CADM1_HUMAN,CADM1_HUMAN,curated,PMID:24503895,True,RVentoTormo,,,,,,CellPhoneDBcore<=4.1,CADM1-CADM1,Adhesion by CADM,Adhesion-Adhesion,
DSC3,DSG2,<a target='_blank' href='https://www.ncbi.nlm.nih.gov/pubmed/27298358'>27298358</a>,,Q08554,Q14126,DSC1_HUMAN,DSG2_HUMAN,curated,PMID:27298358,True,RVentoTormo,,,,,,CellPhoneDBcore<=4.1,DSC1-DSG2,Adhesion by Desmosome,Adhesion-Adhesion,
DSC3,DSG2,<a target='_blank' href='https://www.ncbi.nlm.nih.gov/pubmed/27298358'>27298358</a>,,Q02487,Q14126,DSC2_HUMAN,DSG2_HUMAN,curated,PMID:27298358,True,RVentoTormo,,,,,,CellPhoneDBcore<=4.1,DSC2-DSG2,Adhesion by Desmosome,Adhesion-Adhesion,
DSG1,DSC3,<a target='_blank' href='https://www.ncbi.nlm.nih.gov/pubmed/27298358'>27298358</a>,,Q02413,Q08554,DSG1_HUMAN,DSC1_HUMAN,curated,PMID:27298358,True,RVentoTormo,,,,,,CellPhoneDBcore<=4.1,DSG1-DSC1,Adhesion by Desmosome,Adhesion-Adhesion,
DSG1,DSC3,<a target='_blank' href='https://www.ncbi.nlm.nih.gov/pubmed/27298358'>27298358</a>,,Q02413,Q02487,DSG1_HUMAN,DSC2_HUMAN,curated,PMID:27298358,True,RVentoTormo,,,,,,CellPhoneDBcore<=4.1,DSG1-DSC2,Adhesion by Desmosome,Adhesion-Adhesion,
DSG1,DSC3,<a target='_blank' href='https://www.ncbi.nlm.nih.gov/pubmed/27298358'>27298358</a>,,Q02413,Q14574,DSG1_HUMAN,DSC3_HUMAN,curated,PMID:27298358,True,RVentoTormo,,,,,,CellPhoneDBcore<=4.1,DSG1-DSC3,Adhesion by Desmosome,Adhesion-Adhesion,
DSG2,DSC3,<a target='_blank' href='https://www.ncbi.nlm.nih.gov/pubmed/27298358'>27298358</a>,,Q14126,Q14574,DSG2_HUMAN,DSC3_HUMAN,curated,PMID:27298358,True,RVentoTormo,,,,,,CellPhoneDBcore<=4.1,DSG2-DSC3,Adhesion by Desmosome,Adhesion-Adhesion,
ICAM3,CD209,<a target='_blank' href='https://www.ncbi.nlm.nih.gov/pubmed/15795245'>15795245</a>,,P32942,Q9NNX6,ICAM3_HUMAN,CD209_HUMAN,curated,PMID:15795245,True,RVentoTormo,,,,,,CellPhoneDBcore<=4.1,ICAM3-CD209,Adhesion by ICAM,Ligand-Receptor,
JAM2,JAM3,"<a target='_blank' href='https://www.ncbi.nlm.nih.gov/pubmed/16093349'>16093349</a>, <a target='_blank' href='https://www.ncbi.nlm.nih.gov/pubmed/11590146'>11590146</a>",,P57087,Q9BX67,JAM2_HUMAN,JAM3_HUMAN,curated,PMC1237098;PMID:11590146,True,RVentoTormo,,,,,,CellPhoneDBcore<=4.1,JAM2-JAM3,Adhesion by JAM,Adhesion-Adhesion,
JAM3,JAM3,<a target='_blank' href='https://www.ncbi.nlm.nih.gov/pubmed/16118203'>16118203</a>,,Q9BX67,Q9BX67,JAM3_HUMAN,JAM3_HUMAN,curated,PMID:16118203,True,RVentoTormo,,,,,,CellPhoneDBcore<=4.1,JAM3-JAM3,Adhesion by JAM,Adhesion-Adhesion,
L1CAM,L1CAM,<a target='_blank' href='https://www.ncbi.nlm.nih.gov/pubmed/18701456'>18701456</a>,,P32004,P32004,L1CAM_HUMAN,L1CAM_HUMAN,curated,PMID:18701456,True,RVentoTormo,,,,,,CellPhoneDBcore<=4.1,L1CAM-L1CAM,Adhesion by L1CAM,Adhesion-Adhesion,
NECTIN1,NECTIN3,<a target='_blank' href='https://www.ncbi.nlm.nih.gov/pubmed/12740392'>12740392</a>,,Q15223,Q9NQS3,PVRL1_HUMAN,PVRL3_HUMAN,curated,PMID:12740392,True,RVentoTormo,,,,,,CellPhoneDBcore<=4.1,NECTIN1-NECTIN3,Adhesion by Nectin,Adhesion-Adhesion,
NECTIN1,NECTIN4,<a target='_blank' href='https://www.ncbi.nlm.nih.gov/pubmed/22902367'>22902367</a>,,Q15223,Q96NY8,PVRL1_HUMAN,PVRL4_HUMAN,curated,PMID:22902367,True,RVentoTormo,,,,,,CellPhoneDBcore<=4.1,NECTIN1-NECTIN4,Adhesion by Nectin,Adhesion-Adhesion,
NECTIN2,NECTIN3,"<a target='_blank' href='https://www.ncbi.nlm.nih.gov/pubmed/19011627'>19011627</a>, <a target='_blank' href='https://www.ncbi.nlm.nih.gov/pubmed/12740392'>12740392</a>",,Q92692,Q9NQS3,PVRL2_HUMAN,PVRL3_HUMAN,curated,PMID:19011627;PMID:12740392,True,RVentoTormo,,,,,,CellPhoneDBcore<=4.1,NECTIN2-NECTIN3,Adhesion by Nectin,Adhesion-Adhesion,
SGCG,TREM2,<a target='_blank' href='https://www.ncbi.nlm.nih.gov/pubmed/27477013'>27477013</a>,,P05067,TREM2_receptor,A4_HUMAN,,curated,uniprot;PMID:27477013,True,LGarciaAlonso,,,,,,CellPhoneDBcore<=4.1,APP-TREM2+TYROBP,Signaling by Amyloid-beta precursor protein,Ligand-Receptor,
ANXA1,FPR2,<a target='_blank' href='https://www.ncbi.nlm.nih.gov/pubmed/22610094'>22610094</a>,,P04083,P25090,ANXA1_HUMAN,FPR2_HUMAN,curated,PMID:22610094;reactome,True,RVentoTormo,R-HSA-416459,,,,,CellPhoneDBcore<=4.1,ANXA1-FPR2,Signaling by Annexin,Ligand-Receptor,
APOA1,TREM2,<a target='_blank' href='https://www.ncbi.nlm.nih.gov/pubmed/27477018'>27477018</a>,,P02647,TREM2_receptor,APOA1_HUMAN,,curated,uniprot;PMID:27477018,True,LGarciaAlonso,,,,,,CellPhoneDBcore<=4.1,APOA1-TREM2+TYROBP,Signaling by Apolipoprotein,Ligand-Receptor,
APOA2,TREM2,<a target='_blank' href='https://www.ncbi.nlm.nih.gov/pubmed/27477017'>27477017</a>,,P02652,TREM2_receptor,APOA2_HUMAN,,curated,uniprot;PMID:27477017,True,LGarciaAlonso,,,,,,CellPhoneDBcore<=4.1,APOA2-TREM2+TYROBP,Signaling by Apolipoprotein,Ligand-Receptor,
APOB,TREM2,<a target='_blank' href='https://www.ncbi.nlm.nih.gov/pubmed/27477016'>27477016</a>,,P04114,TREM2_receptor,APOB_HUMAN,,curated,uniprot;PMID:27477016,True,LGarciaAlonso,,,,,,CellPhoneDBcore<=4.1,APOB-TREM2+TYROBP,Signaling by Apolipoprotein,Ligand-Receptor,
APOE,TREM2,<a target='_blank' href='https://www.ncbi.nlm.nih.gov/pubmed/27477015'>27477015</a>,,P02649,TREM2_receptor,APOE_HUMAN,,curated,uniprot;PMID:27477015,True,LGarciaAlonso,,,,,,CellPhoneDBcore<=4.1,APOE-TREM2+TYROBP,Signaling by Apolipoprotein,Ligand-Receptor,
BMP10,ACVR2A,<a target='_blank' href='https://www.ncbi.nlm.nih.gov/pubmed/25136781'>25136781</a>,,O95393,ACVL1_ACVR2A,BMP10_HUMAN,,curated,PMID:25136781,True,LGarciaAlonso,,,,,,CellPhoneDBcore<=4.1,BMP10-ACVR2A+ACVRL1,Signaling by BMP,Ligand-Receptor,
BMP10,BMPR2,<a target='_blank' href='https://www.ncbi.nlm.nih.gov/pubmed/22710174'>22710174</a>,,O95393,ACVL1_BMPR2,BMP10_HUMAN,,curated,PMID:22710174,True,RVentoTormo,,,,,,CellPhoneDBcore<=4.1,BMP10-ACVRL1+BMPR2,Signaling by BMP,Ligand-Receptor,
BMP15,BMPR1B;BMPR2,"<a target='_blank' href='https://www.ncbi.nlm.nih.gov/pubmed/22710174'>22710174</a>, <a target='_blank' href='https://www.ncbi.nlm.nih.gov/pubmed/12419820'>12419820</a>",,O95972,BMPR1B_BMPR2,BMP15_HUMAN,,curated,PMID:22710174;PMID:12419820,True,RVentoTormo,,,,,,CellPhoneDBcore<=4.1,BMP15-BMPR1B+BMPR2,Signaling by BMP,Ligand-Receptor,
BMP2,BMPR1A;BMPR2,<a target='_blank' href='https://www.ncbi.nlm.nih.gov/pubmed/22710174'>22710174</a>,,P12643,BMPR1A_BMPR2,BMP2_HUMAN,,curated,PMID:22710174,True,RVentoTormo,,,,,,CellPhoneDBcore<=4.1,BMP2-BMPR1A+BMPR2,Signaling by BMP,Ligand-Receptor,
BMP2,BMPR1B;BMPR2,<a target='_blank' href='https://www.ncbi.nlm.nih.gov/pubmed/22710174'>22710174</a>,,P12643,BMPR1B_BMPR2,BMP2_HUMAN,,curated,PMID:22710174,True,RVentoTormo,,,,,,CellPhoneDBcore<=4.1,BMP2-BMPR1B+BMPR2,Signaling by BMP,Ligand-Receptor,
BMP4,BMPR1A;BMPR2,<a target='_blank' href='https://www.ncbi.nlm.nih.gov/pubmed/22710174'>22710174</a>,,P12644,BMPR1A_BMPR2,BMP4_HUMAN,,curated,PMID:22710174,True,RVentoTormo,,,,,,CellPhoneDBcore<=4.1,BMP4-BMPR1A+BMPR2,Signaling by BMP,Ligand-Receptor,
BMP4,BMPR1B;BMPR2,<a target='_blank' href='https://www.ncbi.nlm.nih.gov/pubmed/22710174'>22710174</a>,,P12644,BMPR1B_BMPR2,BMP4_HUMAN,,curated,PMID:22710174,True,RVentoTormo,,,,,,CellPhoneDBcore<=4.1,BMP4-BMPR1B+BMPR2,Signaling by BMP,Ligand-Receptor,
BMP5,ACVR1;BMPR2,<a target='_blank' href='https://www.ncbi.nlm.nih.gov/pubmed/22710174'>22710174</a>,,P22003,ACVR1_BMPR2,BMP5_HUMAN,,curated,PMID:22710174,True,RVentoTormo,,,,,,CellPhoneDBcore<=4.1,BMP5-ACVR1+BMPR2,Signaling by BMP,Ligand-Receptor,
BMP5,BMPR1A;BMPR2,<a target='_blank' href='https://www.ncbi.nlm.nih.gov/pubmed/22710174'>22710174</a>,,P22003,BMPR1A_BMPR2,BMP5_HUMAN,,curated,PMID:22710174,True,RVentoTormo,,,,,,CellPhoneDBcore<=4.1,BMP5-BMPR1A+BMPR2,Signaling by BMP,Ligand-Receptor,
BMP5,BMPR1B;BMPR2,<a target='_blank' href='https://www.ncbi.nlm.nih.gov/pubmed/22710174'>22710174</a>,,P22003,BMPR1B_BMPR2,BMP5_HUMAN,,curated,PMID:22710174,True,RVentoTormo,,,,,,CellPhoneDBcore<=4.1,BMP5-BMPR1B+BMPR2,Signaling by BMP,Ligand-Receptor,
BMP6,ACVR1;BMPR2,<a target='_blank' href='https://www.ncbi.nlm.nih.gov/pubmed/22710174'>22710174</a>,,P22004,ACVR1_BMPR2,BMP6_HUMAN,,curated,PMID:22710174,True,RVentoTormo,,,,,,CellPhoneDBcore<=4.1,BMP6-ACVR1+BMPR2,Signaling by BMP,Ligand-Receptor,
BMP6,BMPR1A;BMPR2,<a target='_blank' href='https://www.ncbi.nlm.nih.gov/pubmed/22710174'>22710174</a>,,P22004,BMPR1A_BMPR2,BMP6_HUMAN,,curated,PMID:22710174,True,RVentoTormo,,,,,,CellPhoneDBcore<=4.1,BMP6-BMPR1A+BMPR2,Signaling by BMP,Ligand-Receptor,
BMP6,BMPR1B;BMPR2,<a target='_blank' href='https://www.ncbi.nlm.nih.gov/pubmed/22710174'>22710174</a>,,P22004,BMPR1B_BMPR2,BMP6_HUMAN,,curated,PMID:22710174,True,RVentoTormo,,,,,,CellPhoneDBcore<=4.1,BMP6-BMPR1B+BMPR2,Signaling by BMP,Ligand-Receptor,
BMP7,ACVR1;BMPR2,<a target='_blank' href='https://www.ncbi.nlm.nih.gov/pubmed/22710174'>22710174</a>,,P18075,ACVR1_BMPR2,BMP7_HUMAN,,curated,PMID:22710174,True,RVentoTormo,,,,,,CellPhoneDBcore<=4.1,BMP7-ACVR1+BMPR2,Signaling by BMP,Ligand-Receptor,
BMP7,BMPR1A;BMPR2,<a target='_blank' href='https://www.ncbi.nlm.nih.gov/pubmed/22710174'>22710174</a>,,P18075,BMPR1A_BMPR2,BMP7_HUMAN,,curated,PMID:22710174,True,RVentoTormo,,,,,,CellPhoneDBcore<=4.1,BMP7-BMPR1A+BMPR2,Signaling by BMP,Ligand-Receptor,
BMP7,BMPR1B;BMPR2,<a target='_blank' href='https://www.ncbi.nlm.nih.gov/pubmed/22710174'>22710174</a>,,P18075,BMPR1B_BMPR2,BMP7_HUMAN,,curated,PMID:22710174,True,RVentoTormo,,,,,,CellPhoneDBcore<=4.1,BMP7-BMPR1B+BMPR2,Signaling by BMP,Ligand-Receptor,
BMP8A,ACVR1;BMPR2,<a target='_blank' href='https://www.ncbi.nlm.nih.gov/pubmed/22710174'>22710174</a>,,Q7Z5Y6,ACVR1_BMPR2,BMP8A_HUMAN,,curated,PMID:22710174,True,RVentoTormo,,,,,,CellPhoneDBcore<=4.1,BMP8A-ACVR1+BMPR2,Signaling by BMP,Ligand-Receptor,
BMP8A,BMPR1A;BMPR2,<a target='_blank' href='https://www.ncbi.nlm.nih.gov/pubmed/22710174'>22710174</a>,,Q7Z5Y6,BMPR1A_BMPR2,BMP8A_HUMAN,,curated,PMID:22710174,True,RVentoTormo,,,,,,CellPhoneDBcore<=4.1,BMP8A-BMPR1A+BMPR2,Signaling by BMP,Ligand-Receptor,
BMP8A,BMPR1B;BMPR2,<a target='_blank' href='https://www.ncbi.nlm.nih.gov/pubmed/22710174'>22710174</a>,,Q7Z5Y6,BMPR1B_BMPR2,BMP8A_HUMAN,,curated,PMID:22710174,True,RVentoTormo,,,,,,CellPhoneDBcore<=4.1,BMP8A-BMPR1B+BMPR2,Signaling by BMP,Ligand-Receptor,
MICU1,CALCR,<a target='_blank' href='https://www.ncbi.nlm.nih.gov/pubmed/7476993'>7476993</a>,,P01258,P30988,CALC_HUMAN,CALCR_HUMAN,curated,uniprot;HMRbase;PMID:7476993,True,LGarciaAlonso,,,,,,CellPhoneDBcore<=4.1,CALCA-CALCR,Signaling by Calcitonin,Ligand-Receptor,
CCL1,CCR8,<a target='_blank' href='https://www.ncbi.nlm.nih.gov/pubmed/24218476'>24218476</a>,,P22362,P51685,CCL1_HUMAN,CCR8_HUMAN,curated,PMID:24218476,True,RVentoTormo,,,,,,CellPhoneDBcore<=4.1,CCL1-CCR8,Signaling by Chemokines,Ligand-Receptor,
CCL11,ACKR2,<a target='_blank' href='https://www.ncbi.nlm.nih.gov/pubmed/24218476'>24218476</a>,,P51671,O00590,CCL11_HUMAN,ACKR2_HUMAN,curated,PMID:24218476,True,RVentoTormo,,,,,,CellPhoneDBcore<=4.1,CCL11-ACKR2,Signaling by Chemokines,Ligand-Receptor,
CCL11,CCR3,<a target='_blank' href='https://www.ncbi.nlm.nih.gov/pubmed/24218476'>24218476</a>,,P51671,P51677,CCL11_HUMAN,CCR3_HUMAN,curated,PMID:24218476,True,RVentoTormo,,,,,,CellPhoneDBcore<=4.1,CCL11-CCR3,Signaling by Chemokines,Ligand-Receptor,
CCL11,DPP4,<a target='_blank' href='https://www.ncbi.nlm.nih.gov/pubmed/24218476'>24218476</a>,,P51671,P27487,CCL11_HUMAN,DPP4_HUMAN,curated,PMID:24218476,True,RVentoTormo,,,,,,CellPhoneDBcore<=4.1,CCL11-DPP4,Signaling by Chemokines,Ligand-Receptor,
CCL13,ACKR2,<a target='_blank' href='https://www.ncbi.nlm.nih.gov/pubmed/24218476'>24218476</a>,,Q99616,O00590,CCL13_HUMAN,ACKR2_HUMAN,curated,PMID:24218476,True,RVentoTormo,,,,,,CellPhoneDBcore<=4.1,CCL13-ACKR2,Signaling by Chemokines,Ligand-Receptor,
CCL13,CCR2,<a target='_blank' href='https://www.ncbi.nlm.nih.gov/pubmed/24218476'>24218476</a>,,Q99616,P41597,CCL13_HUMAN,CCR2_HUMAN,curated,PMID:24218476,True,RVentoTormo,,,,,,CellPhoneDBcore<=4.1,CCL13-CCR2,Signaling by Chemokines,Ligand-Receptor,
CCL13,CCR3,<a target='_blank' href='https://www.ncbi.nlm.nih.gov/pubmed/24218476'>24218476</a>,,Q99616,P51677,CCL13_HUMAN,CCR3_HUMAN,curated,PMID:24218476,True,RVentoTormo,,,,,,CellPhoneDBcore<=4.1,CCL13-CCR3,Signaling by Chemokines,Ligand-Receptor,
CCL14,ACKR2,<a target='_blank' href='https://www.ncbi.nlm.nih.gov/pubmed/24218476'>24218476</a>,,Q16627,O00590,CCL14_HUMAN,ACKR2_HUMAN,curated,PMID:24218476,True,RVentoTormo,,,,,,CellPhoneDBcore<=4.1,CCL14-ACKR2,Signaling by Chemokines,Ligand-Receptor,
CCL14,CCR1,<a target='_blank' href='https://www.ncbi.nlm.nih.gov/pubmed/24218476'>24218476</a>,,Q16627,P32246,CCL14_HUMAN,CCR1_HUMAN,curated,PMID:24218476,True,RVentoTormo,,,,,,CellPhoneDBcore<=4.1,CCL14-CCR1,Signaling by Chemokines,Ligand-Receptor,
CCL14,CCR3,<a target='_blank' href='https://www.ncbi.nlm.nih.gov/pubmed/24218476'>24218476</a>,,Q16627,P51677,CCL14_HUMAN,CCR3_HUMAN,curated,PMID:24218476,True,RVentoTormo,,,,,,CellPhoneDBcore<=4.1,CCL14-CCR3,Signaling by Chemokines,Ligand-Receptor,
CCL16,CCR1,<a target='_blank' href='https://www.ncbi.nlm.nih.gov/pubmed/24218476'>24218476</a>,,O15467,P32246,CCL16_HUMAN,CCR1_HUMAN,curated,PMID:24218476,True,RVentoTormo,R-HSA-373268,,,,,CellPhoneDBcore<=4.1,CCL16-CCR1,Signaling by Chemokines,Ligand-Receptor,
CCL16,CCR2,<a target='_blank' href='https://www.ncbi.nlm.nih.gov/pubmed/24218476'>24218476</a>,,O15467,P41597,CCL16_HUMAN,CCR2_HUMAN,curated,PMID:24218476,True,RVentoTormo,R-HSA-373268,,,,,CellPhoneDBcore<=4.1,CCL16-CCR2,Signaling by Chemokines,Ligand-Receptor,
CCL16,HRH4,<a target='_blank' href='https://www.ncbi.nlm.nih.gov/pubmed/15265943'>15265943</a>,,O15467,Q9H3N8,CCL16_HUMAN,HRH4_HUMAN,curated,PMID:15265943,True,LGarciaAlonso,,,,,,CellPhoneDBcore<=4.1,CCL16-HRH4,Signaling by Chemokines,Ligand-Receptor,
CCL17,CNOT6,<a target='_blank' href='https://www.ncbi.nlm.nih.gov/pubmed/24218476'>24218476</a>,,Q92583,P51679,CCL17_HUMAN,CCR4_HUMAN,curated,PMID:24218476,True,RVentoTormo,,,,,,CellPhoneDBcore<=4.1,CCL17-CCR4,Signaling by Chemokines,Ligand-Receptor,
CCL18,CCR8,<a target='_blank' href='https://www.ncbi.nlm.nih.gov/pubmed/24218476'>24218476</a>,,P55774,P51685,CCL18_HUMAN,CCR8_HUMAN,curated,PMID:24218476,True,RVentoTormo,,,,,,CellPhoneDBcore<=4.1,CCL18-CCR8,Signaling by Chemokines,Ligand-Receptor,
CCL19,ACKR4,<a target='_blank' href='https://www.ncbi.nlm.nih.gov/pubmed/24218476'>24218476</a>,,Q99731,Q9NPB9,CCL19_HUMAN,ACKR4_HUMAN,curated,PMID:24218476,True,RVentoTormo,,,,,,CellPhoneDBcore<=4.1,CCL19-ACKR4,Signaling by Chemokines,Ligand-Receptor,
CCL19,CCR7,<a target='_blank' href='https://www.ncbi.nlm.nih.gov/pubmed/24218476'>24218476</a>,,Q99731,P32248,CCL19_HUMAN,CCR7_HUMAN,curated,PMID:24218476,True,RVentoTormo,,,,,,CellPhoneDBcore<=4.1,CCL19-CCR7,Signaling by Chemokines,Ligand-Receptor,
CCL2,ACKR1,<a target='_blank' href='https://www.ncbi.nlm.nih.gov/pubmed/24218476'>24218476</a>,,P13500,Q16570,CCL2_HUMAN,ACKR1_HUMAN,curated,PMID:24218476,True,RVentoTormo,,,,,,CellPhoneDBcore<=4.1,CCL2-ACKR1,Signaling by Chemokines,Ligand-Receptor,
CCL2,ACKR2,<a target='_blank' href='https://www.ncbi.nlm.nih.gov/pubmed/24218476'>24218476</a>,,P13500,O00590,CCL2_HUMAN,ACKR2_HUMAN,curated,PMID:24218476,True,RVentoTormo,,,,,,CellPhoneDBcore<=4.1,CCL2-ACKR2,Signaling by Chemokines,Ligand-Receptor,
CCL2,CCR2,<a target='_blank' href='https://www.ncbi.nlm.nih.gov/pubmed/24218476'>24218476</a>,,P13500,P41597,CCL2_HUMAN,CCR2_HUMAN,curated,PMID:24218476,True,RVentoTormo,,,,,,CellPhoneDBcore<=4.1,CCL2-CCR2,Signaling by Chemokines,Ligand-Receptor,
CCL20,CCR6,<a target='_blank' href='https://www.ncbi.nlm.nih.gov/pubmed/24218476'>24218476</a>,,P78556,P51684,CCL20_HUMAN,CCR6_HUMAN,curated,PMID:24218476,True,RVentoTormo,,,,,,CellPhoneDBcore<=4.1,CCL20-CCR6,Signaling by Chemokines,Ligand-Receptor,
CCL21,ACKR4,<a target='_blank' href='https://www.ncbi.nlm.nih.gov/pubmed/24218476'>24218476</a>,,O00585,Q9NPB9,CCL21_HUMAN,ACKR4_HUMAN,curated,PMID:24218476,True,RVentoTormo,,,,,,CellPhoneDBcore<=4.1,CCL21-ACKR4,Signaling by Chemokines,Ligand-Receptor,
CCL21,CCR7,<a target='_blank' href='https://www.ncbi.nlm.nih.gov/pubmed/24218476'>24218476</a>,,O00585,P32248,CCL21_HUMAN,CCR7_HUMAN,curated,PMID:24218476,True,RVentoTormo,,,,,,CellPhoneDBcore<=4.1,CCL21-CCR7,Signaling by Chemokines,Ligand-Receptor,
CCL22,CNOT6,<a target='_blank' href='https://www.ncbi.nlm.nih.gov/pubmed/24218476'>24218476</a>,,O00626,P51679,CCL22_HUMAN,CCR4_HUMAN,curated,PMID:24218476,True,RVentoTormo,,,,,,CellPhoneDBcore<=4.1,CCL22-CCR4,Signaling by Chemokines,Ligand-Receptor,
CCL22,DPP4,<a target='_blank' href='https://www.ncbi.nlm.nih.gov/pubmed/24218476'>24218476</a>,,O00626,P27487,CCL22_HUMAN,DPP4_HUMAN,curated,PMID:24218476,True,RVentoTormo,,,,,,CellPhoneDBcore<=4.1,CCL22-DPP4,Signaling by Chemokines,Ligand-Receptor,
CCL23,CCR1,<a target='_blank' href='https://www.ncbi.nlm.nih.gov/pubmed/24218476'>24218476</a>,,P55773,P32246,CCL23_HUMAN,CCR1_HUMAN,curated,PMID:24218476,True,RVentoTormo,,,,,,CellPhoneDBcore<=4.1,CCL23-CCR1,Signaling by Chemokines,Ligand-Receptor,
CCL24,CCR3,<a target='_blank' href='https://www.ncbi.nlm.nih.gov/pubmed/24218476'>24218476</a>,,O00175,P51677,CCL24_HUMAN,CCR3_HUMAN,curated,PMID:24218476,True,RVentoTormo,,,,,,CellPhoneDBcore<=4.1,CCL24-CCR3,Signaling by Chemokines,Ligand-Receptor,
CCL25,ACKR4,<a target='_blank' href='https://www.ncbi.nlm.nih.gov/pubmed/24218476'>24218476</a>,,O15444,Q9NPB9,CCL25_HUMAN,ACKR4_HUMAN,curated,PMID:24218476,True,RVentoTormo,,,,,,CellPhoneDBcore<=4.1,CCL25-ACKR4,Signaling by Chemokines,Ligand-Receptor,
CCL25,CCR9,<a target='_blank' href='https://www.ncbi.nlm.nih.gov/pubmed/24218476'>24218476</a>,,O15444,P51686,CCL25_HUMAN,CCR9_HUMAN,curated,PMID:24218476,True,RVentoTormo,,,,,,CellPhoneDBcore<=4.1,CCL25-CCR9,Signaling by Chemokines,Ligand-Receptor,
CCL26,CCR1,<a target='_blank' href='https://www.ncbi.nlm.nih.gov/pubmed/24218476'>24218476</a>,,Q9Y258,P32246,CCL26_HUMAN,CCR1_HUMAN,curated,PMID:24218476,True,RVentoTormo,,,,,,CellPhoneDBcore<=4.1,CCL26-CCR1,Signaling by Chemokines,Ligand-Receptor,
CCL26,CCR2,<a target='_blank' href='https://www.ncbi.nlm.nih.gov/pubmed/24218476'>24218476</a>,,Q9Y258,P41597,CCL26_HUMAN,CCR2_HUMAN,curated,PMID:24218476,True,RVentoTormo,,,,,,CellPhoneDBcore<=4.1,CCL26-CCR2,Signaling by Chemokines,Ligand-Receptor,
CCL26,CCR3,<a target='_blank' href='https://www.ncbi.nlm.nih.gov/pubmed/24218476'>24218476</a>,,Q9Y258,P51677,CCL26_HUMAN,CCR3_HUMAN,curated,PMID:24218476,True,RVentoTormo,,,,,,CellPhoneDBcore<=4.1,CCL26-CCR3,Signaling by Chemokines,Ligand-Receptor,
CCL27,CCR10,<a target='_blank' href='https://www.ncbi.nlm.nih.gov/pubmed/24218476'>24218476</a>,,Q9Y4X3,P46092,CCL27_HUMAN,CCR10_HUMAN,curated,PMID:24218476,True,RVentoTormo,,,,,,CellPhoneDBcore<=4.1,CCL27-CCR10,Signaling by Chemokines,Ligand-Receptor,
CCL3,ACKR2,<a target='_blank' href='https://www.ncbi.nlm.nih.gov/pubmed/24218476'>24218476</a>,,P10147,O00590,CCL3_HUMAN,ACKR2_HUMAN,curated,PMID:24218476,True,RVentoTormo,,,,,,CellPhoneDBcore<=4.1,CCL3-ACKR2,Signaling by Chemokines,Ligand-Receptor,
CCL3,CCR1,<a target='_blank' href='https://www.ncbi.nlm.nih.gov/pubmed/24218476'>24218476</a>,,P10147,P32246,CCL3_HUMAN,CCR1_HUMAN,curated,PMID:24218476,True,RVentoTormo,,,,,,CellPhoneDBcore<=4.1,CCL3-CCR1,Signaling by Chemokines,Ligand-Receptor,
CCL3,CCR3,<a target='_blank' href='https://www.ncbi.nlm.nih.gov/pubmed/24218476'>24218476</a>,,P10147,P51677,CCL3_HUMAN,CCR3_HUMAN,curated,PMID:24218476,True,RVentoTormo,,,,,,CellPhoneDBcore<=4.1,CCL3-CCR3,Signaling by Chemokines,Ligand-Receptor,
CCL3,CCR5,<a target='_blank' href='https://www.ncbi.nlm.nih.gov/pubmed/15251452'>15251452</a>,,P10147,P51681,CCL3_HUMAN,CCR5_HUMAN,curated,PMID:15251452,True,RVentoTormo,,,,,,CellPhoneDBcore<=4.1,CCL3-CCR5,Signaling by Chemokines,Ligand-Receptor,
CCL3L1,CCR1,<a target='_blank' href='https://www.ncbi.nlm.nih.gov/pubmed/24218476'>24218476</a>,,P16619,P32246,CCL3L1,CCR1_HUMAN,curated,PMID:24218476,True,RVentoTormo,,,,,,CellPhoneDBcore<=4.1,CCL3L1-CCR1,Signaling by Chemokines,Ligand-Receptor,
CCL3L1,CCR3,<a target='_blank' href='https://www.ncbi.nlm.nih.gov/pubmed/24218476'>24218476</a>,,P16619,P51677,CCL3L1,CCR3_HUMAN,curated,PMID:24218476,True,RVentoTormo,,,,,,CellPhoneDBcore<=4.1,CCL3L1-CCR3,Signaling by Chemokines,Ligand-Receptor,
CCL4,ACKR2,<a target='_blank' href='https://www.ncbi.nlm.nih.gov/pubmed/24218476'>24218476</a>,,P13236,O00590,CCL4_HUMAN,ACKR2_HUMAN,curated,PMID:24218476,True,RVentoTormo,,,,,,CellPhoneDBcore<=4.1,CCL4-ACKR2,Signaling by Chemokines,Ligand-Receptor,
CCL5,ACKR1,<a target='_blank' href='https://www.ncbi.nlm.nih.gov/pubmed/24218476'>24218476</a>,,P13501,Q16570,CCL5_HUMAN,ACKR1_HUMAN,curated,PMID:24218476,True,RVentoTormo,,,,,,CellPhoneDBcore<=4.1,CCL5-ACKR1,Signaling by Chemokines,Ligand-Receptor,
CCL5,ACKR2,<a target='_blank' href='https://www.ncbi.nlm.nih.gov/pubmed/24218476'>24218476</a>,,P13501,O00590,CCL5_HUMAN,ACKR2_HUMAN,curated,PMID:24218476,True,RVentoTormo,,,,,,CellPhoneDBcore<=4.1,CCL5-ACKR2,Signaling by Chemokines,Ligand-Receptor,
CCL5,CCR1,<a target='_blank' href='https://www.ncbi.nlm.nih.gov/pubmed/24218476'>24218476</a>,,P13501,P32246,CCL5_HUMAN,CCR1_HUMAN,curated,PMID:24218476,True,RVentoTormo,,,,,,CellPhoneDBcore<=4.1,CCL5-CCR1,Signaling by Chemokines,Ligand-Receptor,
CCL5,CCR3,<a target='_blank' href='https://www.ncbi.nlm.nih.gov/pubmed/24218476'>24218476</a>,,P13501,P51677,CCL5_HUMAN,CCR3_HUMAN,curated,PMID:24218476,True,RVentoTormo,,,,,,CellPhoneDBcore<=4.1,CCL5-CCR3,Signaling by Chemokines,Ligand-Receptor,
CCL5,CNOT6,<a target='_blank' href='https://www.ncbi.nlm.nih.gov/pubmed/24218476'>24218476</a>,,P13501,P51679,CCL5_HUMAN,CCR4_HUMAN,curated,PMID:24218476,True,RVentoTormo,,,,,,CellPhoneDBcore<=4.1,CCL5-CCR4,Signaling by Chemokines,Ligand-Receptor,
CCL5,CCR5,<a target='_blank' href='https://www.ncbi.nlm.nih.gov/pubmed/24218476'>24218476</a>,,P13501,P51681,CCL5_HUMAN,CCR5_HUMAN,curated,PMID:24218476,True,RVentoTormo,,,,,,CellPhoneDBcore<=4.1,CCL5-CCR5,Signaling by Chemokines,Ligand-Receptor,
CCL7,ACKR2,<a target='_blank' href='https://www.ncbi.nlm.nih.gov/pubmed/24218476'>24218476</a>,,P80098,O00590,CCL7_HUMAN,ACKR2_HUMAN,curated,PMID:24218476,True,RVentoTormo,,,,,,CellPhoneDBcore<=4.1,CCL7-ACKR2,Signaling by Chemokines,Ligand-Receptor,
CCL7,CCR1,<a target='_blank' href='https://www.ncbi.nlm.nih.gov/pubmed/24218476'>24218476</a>,,P80098,P32246,CCL7_HUMAN,CCR1_HUMAN,curated,PMID:24218476,True,RVentoTormo,,,,,,CellPhoneDBcore<=4.1,CCL7-CCR1,Signaling by Chemokines,Ligand-Receptor,
CCL7,CCR2,<a target='_blank' href='https://www.ncbi.nlm.nih.gov/pubmed/24218476'>24218476</a>,,P80098,P41597,CCL7_HUMAN,CCR2_HUMAN,curated,PMID:24218476,True,RVentoTormo,,,,,,CellPhoneDBcore<=4.1,CCL7-CCR2,Signaling by Chemokines,Ligand-Receptor,
CCL7,CCR3,<a target='_blank' href='https://www.ncbi.nlm.nih.gov/pubmed/24218476'>24218476</a>,,P80098,P51677,CCL7_HUMAN,CCR3_HUMAN,curated,PMID:24218476,True,RVentoTormo,,,,,,CellPhoneDBcore<=4.1,CCL7-CCR3,Signaling by Chemokines,Ligand-Receptor,
CCL7,CCR5,<a target='_blank' href='https://www.ncbi.nlm.nih.gov/pubmed/24218476'>24218476</a>,,P80098,P51681,CCL7_HUMAN,CCR5_HUMAN,curated,PMID:24218476,True,RVentoTormo,,,,,,CellPhoneDBcore<=4.1,CCL7-CCR5,Signaling by Chemokines,Ligand-Receptor,
CCL8,ACKR2,<a target='_blank' href='https://www.ncbi.nlm.nih.gov/pubmed/24218476'>24218476</a>,,P80075,O00590,CCL8_HUMAN,ACKR2_HUMAN,curated,PMID:24218476,True,RVentoTormo,,,,,,CellPhoneDBcore<=4.1,CCL8-ACKR2,Signaling by Chemokines,Ligand-Receptor,
CCL8,CCR1,<a target='_blank' href='https://www.ncbi.nlm.nih.gov/pubmed/24218476'>24218476</a>,,P80075,P32246,CCL8_HUMAN,CCR1_HUMAN,curated,PMID:24218476,True,RVentoTormo,,,,,,CellPhoneDBcore<=4.1,CCL8-CCR1,Signaling by Chemokines,Ligand-Receptor,
CCL8,CCR2,<a target='_blank' href='https://www.ncbi.nlm.nih.gov/pubmed/24218476'>24218476</a>,,P80075,P41597,CCL8_HUMAN,CCR2_HUMAN,curated,PMID:24218476,True,RVentoTormo,,,,,,CellPhoneDBcore<=4.1,CCL8-CCR2,Signaling by Chemokines,Ligand-Receptor,
CCL8,CCR3,<a target='_blank' href='https://www.ncbi.nlm.nih.gov/pubmed/24218476'>24218476</a>,,P80075,P51677,CCL8_HUMAN,CCR3_HUMAN,curated,PMID:24218476,True,RVentoTormo,,,,,,CellPhoneDBcore<=4.1,CCL8-CCR3,Signaling by Chemokines,Ligand-Receptor,
CCL8,CCR5,<a target='_blank' href='https://www.ncbi.nlm.nih.gov/pubmed/24218476'>24218476</a>,,P80075,P51681,CCL8_HUMAN,CCR5_HUMAN,curated,PMID:24218476,True,RVentoTormo,,,,,,CellPhoneDBcore<=4.1,CCL8-CCR5,Signaling by Chemokines,Ligand-Receptor,
PPBP,CXCR1,<a target='_blank' href='https://www.ncbi.nlm.nih.gov/pubmed/24218476'>24218476</a>,,P02775,P25024,CXCL7_HUMAN,CXCR1_HUMAN,curated,PMID:24218476,True,RVentoTormo,,,,,,CellPhoneDBcore<=4.1,PPBP-CXCR1,Signaling by Chemokines,Ligand-Receptor,
PPBP,CXCR2,<a target='_blank' href='https://www.ncbi.nlm.nih.gov/pubmed/24218476'>24218476</a>,,P02775,P25025,CXCL7_HUMAN,CXCR2_HUMAN,curated,PMID:24218476,True,RVentoTormo,,,,,,CellPhoneDBcore<=4.1,PPBP-CXCR2,Signaling by Chemokines,Ligand-Receptor,
CXCL1,ACKR1,<a target='_blank' href='https://www.ncbi.nlm.nih.gov/pubmed/24218476'>24218476</a>,,P09341,Q16570,GROA_HUMAN,ACKR1_HUMAN,curated,PMID:24218476,True,RVentoTormo,,,,,,CellPhoneDBcore<=4.1,CXCL1-ACKR1,Signaling by Chemokines,Ligand-Receptor,
CXCL1,CXCR1,<a target='_blank' href='https://www.ncbi.nlm.nih.gov/pubmed/24218476'>24218476</a>,,P09341,P25024,GROA_HUMAN,CXCR1_HUMAN,curated,PMID:24218476,True,RVentoTormo,,,,,,CellPhoneDBcore<=4.1,CXCL1-CXCR1,Signaling by Chemokines,Ligand-Receptor,
CXCL1,CXCR2,<a target='_blank' href='https://www.ncbi.nlm.nih.gov/pubmed/24218476'>24218476</a>,,P09341,P25025,GROA_HUMAN,CXCR2_HUMAN,curated,PMID:24218476,True,RVentoTormo,,,,,,CellPhoneDBcore<=4.1,CXCL1-CXCR2,Signaling by Chemokines,Ligand-Receptor,
CXCL12,CXCR4,<a target='_blank' href='https://www.ncbi.nlm.nih.gov/pubmed/24218476'>24218476</a>,,P48061,P61073,SDF1_HUMAN,CXCR4_HUMAN,curated,PMID:24218476,True,RVentoTormo,,,,,,CellPhoneDBcore<=4.1,CXCL12-CXCR4,Signaling by Chemokines,Ligand-Receptor,
CXCL12,DPP4,<a target='_blank' href='https://www.ncbi.nlm.nih.gov/pubmed/24218476'>24218476</a>,,P48061,P27487,SDF1_HUMAN,DPP4_HUMAN,curated,PMID:24218476,True,RVentoTormo,,,,,,CellPhoneDBcore<=4.1,CXCL12-DPP4,Signaling by Chemokines,Ligand-Receptor,
CXCL2,CXCR2,<a target='_blank' href='https://www.ncbi.nlm.nih.gov/pubmed/24218476'>24218476</a>,,P19875,P25025,CXCL2_HUMAN,CXCR2_HUMAN,curated,PMID:24218476,True,RVentoTormo,,,,,,CellPhoneDBcore<=4.1,CXCL2-CXCR2,Signaling by Chemokines,Ligand-Receptor,
CXCL2,DPP4,<a target='_blank' href='https://www.ncbi.nlm.nih.gov/pubmed/24218476'>24218476</a>,,P19875,P27487,CXCL2_HUMAN,DPP4_HUMAN,curated,PMID:24218476,True,RVentoTormo,,,,,,CellPhoneDBcore<=4.1,CXCL2-DPP4,Signaling by Chemokines,Ligand-Receptor,
CXCL3,CXCR2,<a target='_blank' href='https://www.ncbi.nlm.nih.gov/pubmed/24218476'>24218476</a>,,P19876,P25025,CXCL3_HUMAN,CXCR2_HUMAN,curated,PMID:24218476,True,RVentoTormo,,,,,,CellPhoneDBcore<=4.1,CXCL3-CXCR2,Signaling by Chemokines,Ligand-Receptor,
CXCL5,CXCR1,<a target='_blank' href='https://www.ncbi.nlm.nih.gov/pubmed/24218476'>24218476</a>,,P42830,P25024,CXCL5_HUMAN,CXCR1_HUMAN,curated,PMID:24218476,True,RVentoTormo,,,,,,CellPhoneDBcore<=4.1,CXCL5-CXCR1,Signaling by Chemokines,Ligand-Receptor,
CXCL5,CXCR2,<a target='_blank' href='https://www.ncbi.nlm.nih.gov/pubmed/24218476'>24218476</a>,,P42830,P25025,CXCL5_HUMAN,CXCR2_HUMAN,curated,PMID:24218476,True,RVentoTormo,,,,,,CellPhoneDBcore<=4.1,CXCL5-CXCR2,Signaling by Chemokines,Ligand-Receptor,
CXCL6,CXCR1,<a target='_blank' href='https://www.ncbi.nlm.nih.gov/pubmed/24218476'>24218476</a>,,P80162,P25024,CXCL6_HUMAN,CXCR1_HUMAN,curated,PMID:24218476,True,RVentoTormo,,,,,,CellPhoneDBcore<=4.1,CXCL6-CXCR1,Signaling by Chemokines,Ligand-Receptor,
CXCL6,CXCR2,<a target='_blank' href='https://www.ncbi.nlm.nih.gov/pubmed/24218476'>24218476</a>,,P80162,P25025,CXCL6_HUMAN,CXCR2_HUMAN,curated,PMID:24218476,True,RVentoTormo,,,,,,CellPhoneDBcore<=4.1,CXCL6-CXCR2,Signaling by Chemokines,Ligand-Receptor,
CXCL8,ACKR1,<a target='_blank' href='https://www.ncbi.nlm.nih.gov/pubmed/24218476'>24218476</a>,,P10145,Q16570,IL8_HUMAN,ACKR1_HUMAN,curated,PMID:24218476,True,RVentoTormo,,,,,,CellPhoneDBcore<=4.1,CXCL8-ACKR1,Signaling by Chemokines,Ligand-Receptor,
CXCL8,CXCR1,<a target='_blank' href='https://www.ncbi.nlm.nih.gov/pubmed/24218476'>24218476</a>,,P10145,P25024,IL8_HUMAN,CXCR1_HUMAN,curated,PMID:24218476,True,RVentoTormo,,,,,,CellPhoneDBcore<=4.1,CXCL8-CXCR1,Signaling by Chemokines,Ligand-Receptor,
CXCL8,CXCR2,<a target='_blank' href='https://www.ncbi.nlm.nih.gov/pubmed/24218476'>24218476</a>,,P10145,P25025,IL8_HUMAN,CXCR2_HUMAN,curated,PMID:24218476,True,RVentoTormo,,,,,,CellPhoneDBcore<=4.1,CXCL8-CXCR2,Signaling by Chemokines,Ligand-Receptor,
CXCL9,CXCR3,<a target='_blank' href='https://www.ncbi.nlm.nih.gov/pubmed/24218476'>24218476</a>,,Q07325,P49682,CXCL9_HUMAN,CXCR3_HUMAN,curated,PMID:24218476,True,RVentoTormo,,,,,,CellPhoneDBcore<=4.1,CXCL9-CXCR3,Signaling by Chemokines,Ligand-Receptor,
CXCL9,DPP4,<a target='_blank' href='https://www.ncbi.nlm.nih.gov/pubmed/24218476'>24218476</a>,,Q07325,P27487,CXCL9_HUMAN,DPP4_HUMAN,curated,PMID:24218476,True,RVentoTormo,,,,,,CellPhoneDBcore<=4.1,CXCL9-DPP4,Signaling by Chemokines,Ligand-Receptor,
DHH,HHIP,"<a target='_blank' href='https://www.ncbi.nlm.nih.gov/pubmed/10050855'>10050855</a>, <a target='_blank' href='https://www.ncbi.nlm.nih.gov/pubmed/19561611'>19561611</a>",,O43323,Q96QV1,DHH_HUMAN,HHIP_HUMAN,curated,reactome;PMID:10050855;PMID:19561611,True,LGarciaAlonso,,R-HSA-445448,,,,CellPhoneDBcore<=4.1,DHH-HHIP,Signaling by Desert hedgehog,Ligand-Ligand,Inhibitory
EFNA1,EPHA1,<a target='_blank' href='https://www.ncbi.nlm.nih.gov/pubmed/15114347'>15114347</a>,,P20827,P21709,EFNA1_HUMAN,EPHA1_HUMAN,curated,PMID:15114347,True,RVentoTormo,,,,,,CellPhoneDBcore<=4.1,EFNA1-EPHA1,Signaling by Ephrin,Ligand-Receptor,
EFNA1,EPHA2,<a target='_blank' href='https://www.ncbi.nlm.nih.gov/pubmed/15114347'>15114347</a>,,P20827,P29317,EFNA1_HUMAN,EPHA2_HUMAN,curated,PMID:15114347,True,RVentoTormo,,,,,,CellPhoneDBcore<=4.1,EFNA1-EPHA2,Signaling by Ephrin,Ligand-Receptor,
EFNA1,EPHA3,<a target='_blank' href='https://www.ncbi.nlm.nih.gov/pubmed/15114347'>15114347</a>,,P20827,P29320,EFNA1_HUMAN,EPHA3_HUMAN,curated,PMID:15114347,True,RVentoTormo,,,,,,CellPhoneDBcore<=4.1,EFNA1-EPHA3,Signaling by Ephrin,Ligand-Receptor,
EFNA1,EPHA4,<a target='_blank' href='https://www.ncbi.nlm.nih.gov/pubmed/15114347'>15114347</a>,,P20827,P54764,EFNA1_HUMAN,EPHA4_HUMAN,curated,PMID:15114347,True,RVentoTormo,,,,,,CellPhoneDBcore<=4.1,EFNA1-EPHA4,Signaling by Ephrin,Ligand-Receptor,
EFNA1,EPHA5,<a target='_blank' href='https://www.ncbi.nlm.nih.gov/pubmed/15114347'>15114347</a>,,P20827,P54756,EFNA1_HUMAN,EPHA5_HUMAN,curated,PMID:15114347,True,RVentoTormo,,,,,,CellPhoneDBcore<=4.1,EFNA1-EPHA5,Signaling by Ephrin,Ligand-Receptor,
EFNA1,EPHA7,<a target='_blank' href='https://www.ncbi.nlm.nih.gov/pubmed/15114347'>15114347</a>,,P20827,Q15375,EFNA1_HUMAN,EPHA7_HUMAN,curated,PMID:15114347,True,RVentoTormo,,,,,,CellPhoneDBcore<=4.1,EFNA1-EPHA7,Signaling by Ephrin,Ligand-Receptor,
EFNA1,EPHA8,<a target='_blank' href='https://www.ncbi.nlm.nih.gov/pubmed/15114347'>15114347</a>,,P20827,P29322,EFNA1_HUMAN,EPHA8_HUMAN,curated,PMID:15114347,True,RVentoTormo,,,,,,CellPhoneDBcore<=4.1,EFNA1-EPHA8,Signaling by Ephrin,Ligand-Receptor,
EFNA2,EPHA1,<a target='_blank' href='https://www.ncbi.nlm.nih.gov/pubmed/15114347'>15114347</a>,,O43921,P21709,EFNA2_HUMAN,EPHA1_HUMAN,curated,PMID:15114347,True,RVentoTormo,,,,,,CellPhoneDBcore<=4.1,EFNA2-EPHA1,Signaling by Ephrin,Ligand-Receptor,
EFNA2,EPHA2,<a target='_blank' href='https://www.ncbi.nlm.nih.gov/pubmed/15114347'>15114347</a>,,O43921,P29317,EFNA2_HUMAN,EPHA2_HUMAN,curated,PMID:15114347,True,RVentoTormo,,,,,,CellPhoneDBcore<=4.1,EFNA2-EPHA2,Signaling by Ephrin,Ligand-Receptor,
EFNA2,EPHA3,<a target='_blank' href='https://www.ncbi.nlm.nih.gov/pubmed/15114347'>15114347</a>,,O43921,P29320,EFNA2_HUMAN,EPHA3_HUMAN,curated,PMID:15114347,True,RVentoTormo,,,,,,CellPhoneDBcore<=4.1,EFNA2-EPHA3,Signaling by Ephrin,Ligand-Receptor,
EFNA2,EPHA4,<a target='_blank' href='https://www.ncbi.nlm.nih.gov/pubmed/15114347'>15114347</a>,,O43921,P54764,EFNA2_HUMAN,EPHA4_HUMAN,curated,PMID:15114347,True,RVentoTormo,,,,,,CellPhoneDBcore<=4.1,EFNA2-EPHA4,Signaling by Ephrin,Ligand-Receptor,
EFNA2,EPHA5,<a target='_blank' href='https://www.ncbi.nlm.nih.gov/pubmed/15114347'>15114347</a>,,O43921,P54756,EFNA2_HUMAN,EPHA5_HUMAN,curated,PMID:15114347,True,RVentoTormo,,,,,,CellPhoneDBcore<=4.1,EFNA2-EPHA5,Signaling by Ephrin,Ligand-Receptor,
EFNA2,EPHA7,<a target='_blank' href='https://www.ncbi.nlm.nih.gov/pubmed/15114347'>15114347</a>,,O43921,Q15375,EFNA2_HUMAN,EPHA7_HUMAN,curated,PMID:15114347,True,RVentoTormo,,,,,,CellPhoneDBcore<=4.1,EFNA2-EPHA7,Signaling by Ephrin,Ligand-Receptor,
EFNA2,EPHA8,<a target='_blank' href='https://www.ncbi.nlm.nih.gov/pubmed/15114347'>15114347</a>,,O43921,P29322,EFNA2_HUMAN,EPHA8_HUMAN,curated,PMID:15114347,True,RVentoTormo,,,,,,CellPhoneDBcore<=4.1,EFNA2-EPHA8,Signaling by Ephrin,Ligand-Receptor,
EFNA3,EPHA1,<a target='_blank' href='https://www.ncbi.nlm.nih.gov/pubmed/15114347'>15114347</a>,,P52797,P21709,EFNA3_HUMAN,EPHA1_HUMAN,curated,PMID:15114347,True,RVentoTormo,,,,,,CellPhoneDBcore<=4.1,EFNA3-EPHA1,Signaling by Ephrin,Ligand-Receptor,
EFNA3,EPHA2,<a target='_blank' href='https://www.ncbi.nlm.nih.gov/pubmed/15114347'>15114347</a>,,P52797,P29317,EFNA3_HUMAN,EPHA2_HUMAN,curated,PMID:15114347,True,RVentoTormo,,,,,,CellPhoneDBcore<=4.1,EFNA3-EPHA2,Signaling by Ephrin,Ligand-Receptor,
EFNA3,EPHA3,<a target='_blank' href='https://www.ncbi.nlm.nih.gov/pubmed/15114347'>15114347</a>,,P52797,P29320,EFNA3_HUMAN,EPHA3_HUMAN,curated,PMID:15114347,True,RVentoTormo,,,,,,CellPhoneDBcore<=4.1,EFNA3-EPHA3,Signaling by Ephrin,Ligand-Receptor,
EFNA3,EPHA4,<a target='_blank' href='https://www.ncbi.nlm.nih.gov/pubmed/15114347'>15114347</a>,,P52797,P54764,EFNA3_HUMAN,EPHA4_HUMAN,curated,PMID:15114347,True,RVentoTormo,,,,,,CellPhoneDBcore<=4.1,EFNA3-EPHA4,Signaling by Ephrin,Ligand-Receptor,
EFNA3,EPHA5,<a target='_blank' href='https://www.ncbi.nlm.nih.gov/pubmed/15114347'>15114347</a>,,P52797,P54756,EFNA3_HUMAN,EPHA5_HUMAN,curated,PMID:15114347,True,RVentoTormo,,,,,,CellPhoneDBcore<=4.1,EFNA3-EPHA5,Signaling by Ephrin,Ligand-Receptor,
EFNA3,EPHA7,<a target='_blank' href='https://www.ncbi.nlm.nih.gov/pubmed/15114347'>15114347</a>,,P52797,Q15375,EFNA3_HUMAN,EPHA7_HUMAN,curated,PMID:15114347,True,RVentoTormo,,,,,,CellPhoneDBcore<=4.1,EFNA3-EPHA7,Signaling by Ephrin,Ligand-Receptor,
EFNA3,EPHA8,<a target='_blank' href='https://www.ncbi.nlm.nih.gov/pubmed/15114347'>15114347</a>,,P52797,P29322,EFNA3_HUMAN,EPHA8_HUMAN,curated,PMID:15114347,True,RVentoTormo,,,,,,CellPhoneDBcore<=4.1,EFNA3-EPHA8,Signaling by Ephrin,Ligand-Receptor,
EFNA4,EPHA1,<a target='_blank' href='https://www.ncbi.nlm.nih.gov/pubmed/15114347'>15114347</a>,,P52798,P21709,EFNA4_HUMAN,EPHA1_HUMAN,curated,PMID:15114347,True,RVentoTormo,,,,,,CellPhoneDBcore<=4.1,EFNA4-EPHA1,Signaling by Ephrin,Ligand-Receptor,
EFNA4,EPHA2,<a target='_blank' href='https://www.ncbi.nlm.nih.gov/pubmed/15114347'>15114347</a>,,P52798,P29317,EFNA4_HUMAN,EPHA2_HUMAN,curated,PMID:15114347,True,RVentoTormo,,,,,,CellPhoneDBcore<=4.1,EFNA4-EPHA2,Signaling by Ephrin,Ligand-Receptor,
EFNA4,EPHA3,<a target='_blank' href='https://www.ncbi.nlm.nih.gov/pubmed/15114347'>15114347</a>,,P52798,P29320,EFNA4_HUMAN,EPHA3_HUMAN,curated,PMID:15114347,True,RVentoTormo,,,,,,CellPhoneDBcore<=4.1,EFNA4-EPHA3,Signaling by Ephrin,Ligand-Receptor,
EFNA4,EPHA4,<a target='_blank' href='https://www.ncbi.nlm.nih.gov/pubmed/15114347'>15114347</a>,,P52798,P54764,EFNA4_HUMAN,EPHA4_HUMAN,curated,PMID:15114347,True,RVentoTormo,,,,,,CellPhoneDBcore<=4.1,EFNA4-EPHA4,Signaling by Ephrin,Ligand-Receptor,
EFNA4,EPHA5,<a target='_blank' href='https://www.ncbi.nlm.nih.gov/pubmed/15114347'>15114347</a>,,P52798,P54756,EFNA4_HUMAN,EPHA5_HUMAN,curated,PMID:15114347,True,RVentoTormo,,,,,,CellPhoneDBcore<=4.1,EFNA4-EPHA5,Signaling by Ephrin,Ligand-Receptor,
EFNA4,EPHA7,<a target='_blank' href='https://www.ncbi.nlm.nih.gov/pubmed/15114347'>15114347</a>,,P52798,Q15375,EFNA4_HUMAN,EPHA7_HUMAN,curated,PMID:15114347,True,RVentoTormo,,,,,,CellPhoneDBcore<=4.1,EFNA4-EPHA7,Signaling by Ephrin,Ligand-Receptor,
EFNA4,EPHA8,<a target='_blank' href='https://www.ncbi.nlm.nih.gov/pubmed/15114347'>15114347</a>,,P52798,P29322,EFNA4_HUMAN,EPHA8_HUMAN,curated,PMID:15114347,True,RVentoTormo,,,,,,CellPhoneDBcore<=4.1,EFNA4-EPHA8,Signaling by Ephrin,Ligand-Receptor,
EFNA5,EPHA1,<a target='_blank' href='https://www.ncbi.nlm.nih.gov/pubmed/15114347'>15114347</a>,,P52803,P21709,EFNA5_HUMAN,EPHA1_HUMAN,curated,PMID:15114347,True,RVentoTormo,,,,,,CellPhoneDBcore<=4.1,EFNA5-EPHA1,Signaling by Ephrin,Ligand-Receptor,
EFNA5,EPHA2,<a target='_blank' href='https://www.ncbi.nlm.nih.gov/pubmed/15114347'>15114347</a>,,P52803,P29317,EFNA5_HUMAN,EPHA2_HUMAN,curated,PMID:15114347,True,RVentoTormo,,,,,,CellPhoneDBcore<=4.1,EFNA5-EPHA2,Signaling by Ephrin,Ligand-Receptor,
EFNA5,EPHA3,<a target='_blank' href='https://www.ncbi.nlm.nih.gov/pubmed/15114347'>15114347</a>,,P52803,P29320,EFNA5_HUMAN,EPHA3_HUMAN,curated,PMID:15114347,True,RVentoTormo,,,,,,CellPhoneDBcore<=4.1,EFNA5-EPHA3,Signaling by Ephrin,Ligand-Receptor,
EFNA5,EPHA4,<a target='_blank' href='https://www.ncbi.nlm.nih.gov/pubmed/15114347'>15114347</a>,,P52803,P54764,EFNA5_HUMAN,EPHA4_HUMAN,curated,PMID:15114347,True,RVentoTormo,,,,,,CellPhoneDBcore<=4.1,EFNA5-EPHA4,Signaling by Ephrin,Ligand-Receptor,
EFNA5,EPHA5,<a target='_blank' href='https://www.ncbi.nlm.nih.gov/pubmed/15114347'>15114347</a>,,P52803,P54756,EFNA5_HUMAN,EPHA5_HUMAN,curated,PMID:15114347,True,RVentoTormo,,,,,,CellPhoneDBcore<=4.1,EFNA5-EPHA5,Signaling by Ephrin,Ligand-Receptor,
EFNA5,EPHA7,<a target='_blank' href='https://www.ncbi.nlm.nih.gov/pubmed/15114347'>15114347</a>,,P52803,Q15375,EFNA5_HUMAN,EPHA7_HUMAN,curated,PMID:15114347,True,RVentoTormo,,,,,,CellPhoneDBcore<=4.1,EFNA5-EPHA7,Signaling by Ephrin,Ligand-Receptor,
EFNA5,EPHA8,<a target='_blank' href='https://www.ncbi.nlm.nih.gov/pubmed/15114347'>15114347</a>,,P52803,P29322,EFNA5_HUMAN,EPHA8_HUMAN,curated,PMID:15114347,True,RVentoTormo,,,,,,CellPhoneDBcore<=4.1,EFNA5-EPHA8,Signaling by Ephrin,Ligand-Receptor,
EFNA5,EPHB2,"<a target='_blank' href='https://www.ncbi.nlm.nih.gov/pubmed/15107857'>15107857</a>, <a target='_blank' href='https://www.ncbi.nlm.nih.gov/pubmed/15114347'>15114347</a>",,P52803,P29323,EFNA5_HUMAN,EPHB2_HUMAN,curated,PMID:15107857;PMID:15114347,True,RVentoTormo,,,,,,CellPhoneDBcore<=4.1,EFNA5-EPHB2,Signaling by Ephrin,Ligand-Receptor,
EFNB1,EPHA4,<a target='_blank' href='https://www.ncbi.nlm.nih.gov/pubmed/15114347'>15114347</a>,,P98172,P54764,EFNB1_HUMAN,EPHA4_HUMAN,curated,PMID:15114347,True,RVentoTormo,,,,,,CellPhoneDBcore<=4.1,EFNB1-EPHA4,Signaling by Ephrin,Ligand-Receptor,
EFNB1,EPHB1,<a target='_blank' href='https://www.ncbi.nlm.nih.gov/pubmed/15114347'>15114347</a>,,P98172,P54762,EFNB1_HUMAN,EPHB1_HUMAN,curated,PMID:15114347,True,RVentoTormo,,,,,,CellPhoneDBcore<=4.1,EFNB1-EPHB1,Signaling by Ephrin,Ligand-Receptor,
EFNB1,EPHB2,<a target='_blank' href='https://www.ncbi.nlm.nih.gov/pubmed/15114347'>15114347</a>,,P98172,P29323,EFNB1_HUMAN,EPHB2_HUMAN,curated,PMID:15114347,True,RVentoTormo,,,,,,CellPhoneDBcore<=4.1,EFNB1-EPHB2,Signaling by Ephrin,Ligand-Receptor,
EFNB1,EPHB3,<a target='_blank' href='https://www.ncbi.nlm.nih.gov/pubmed/15114347'>15114347</a>,,P98172,P54753,EFNB1_HUMAN,EPHB3_HUMAN,curated,PMID:15114347,True,RVentoTormo,,,,,,CellPhoneDBcore<=4.1,EFNB1-EPHB3,Signaling by Ephrin,Ligand-Receptor,
EFNB1,EPHB4,<a target='_blank' href='https://www.ncbi.nlm.nih.gov/pubmed/15114347'>15114347</a>,,P98172,P54760,EFNB1_HUMAN,EPHB4_HUMAN,curated,PMID:15114347,True,RVentoTormo,,,,,,CellPhoneDBcore<=4.1,EFNB1-EPHB4,Signaling by Ephrin,Ligand-Receptor,
EFNB1,EPHB6,<a target='_blank' href='https://www.ncbi.nlm.nih.gov/pubmed/15114347'>15114347</a>,,P98172,O15197,EFNB1_HUMAN,EPHB6_HUMAN,curated,PMID:15114347,True,RVentoTormo,,,,,,CellPhoneDBcore<=4.1,EFNB1-EPHB6,Signaling by Ephrin,Ligand-Receptor,
EFNB2,EPHA4,<a target='_blank' href='https://www.ncbi.nlm.nih.gov/pubmed/15114347'>15114347</a>,,P52799,P54764,EFNB2_HUMAN,EPHA4_HUMAN,curated,PMID:15114347,True,RVentoTormo,,,,,,CellPhoneDBcore<=4.1,EFNB2-EPHA4,Signaling by Ephrin,Ligand-Receptor,
EFNB2,EPHB1,<a target='_blank' href='https://www.ncbi.nlm.nih.gov/pubmed/15114347'>15114347</a>,,P52799,P54762,EFNB2_HUMAN,EPHB1_HUMAN,curated,PMID:15114347,True,RVentoTormo,,,,,,CellPhoneDBcore<=4.1,EFNB2-EPHB1,Signaling by Ephrin,Ligand-Receptor,
EFNB2,EPHB2,<a target='_blank' href='https://www.ncbi.nlm.nih.gov/pubmed/15114347'>15114347</a>,,P52799,P29323,EFNB2_HUMAN,EPHB2_HUMAN,curated,PMID:15114347,True,RVentoTormo,,,,,,CellPhoneDBcore<=4.1,EFNB2-EPHB2,Signaling by Ephrin,Ligand-Receptor,
EFNB2,EPHB3,<a target='_blank' href='https://www.ncbi.nlm.nih.gov/pubmed/15114347'>15114347</a>,,P52799,P54753,EFNB2_HUMAN,EPHB3_HUMAN,curated,PMID:15114347,True,RVentoTormo,,,,,,CellPhoneDBcore<=4.1,EFNB2-EPHB3,Signaling by Ephrin,Ligand-Receptor,
EFNB2,EPHB4,<a target='_blank' href='https://www.ncbi.nlm.nih.gov/pubmed/15114347'>15114347</a>,,P52799,P54760,EFNB2_HUMAN,EPHB4_HUMAN,curated,PMID:15114347,True,RVentoTormo,,,,,,CellPhoneDBcore<=4.1,EFNB2-EPHB4,Signaling by Ephrin,Ligand-Receptor,
EFNB2,EPHB6,<a target='_blank' href='https://www.ncbi.nlm.nih.gov/pubmed/15114347'>15114347</a>,,P52799,O15197,EFNB2_HUMAN,EPHB6_HUMAN,curated,PMID:15114347,True,RVentoTormo,,,,,,CellPhoneDBcore<=4.1,EFNB2-EPHB6,Signaling by Ephrin,Ligand-Receptor,
EFNB3,EPHA4,<a target='_blank' href='https://www.ncbi.nlm.nih.gov/pubmed/15114347'>15114347</a>,,Q15768,P54764,EFNB3_HUMAN,EPHA4_HUMAN,curated,PMID:15114347,True,RVentoTormo,,,,,,CellPhoneDBcore<=4.1,EFNB3-EPHA4,Signaling by Ephrin,Ligand-Receptor,
EFNB3,EPHB1,<a target='_blank' href='https://www.ncbi.nlm.nih.gov/pubmed/15114347'>15114347</a>,,Q15768,P54762,EFNB3_HUMAN,EPHB1_HUMAN,curated,PMID:15114347,True,RVentoTormo,,,,,,CellPhoneDBcore<=4.1,EFNB3-EPHB1,Signaling by Ephrin,Ligand-Receptor,
EFNB3,EPHB2,<a target='_blank' href='https://www.ncbi.nlm.nih.gov/pubmed/15114347'>15114347</a>,,Q15768,P29323,EFNB3_HUMAN,EPHB2_HUMAN,curated,PMID:15114347,True,RVentoTormo,,,,,,CellPhoneDBcore<=4.1,EFNB3-EPHB2,Signaling by Ephrin,Ligand-Receptor,
EFNB3,EPHB3,<a target='_blank' href='https://www.ncbi.nlm.nih.gov/pubmed/15114347'>15114347</a>,,Q15768,P54753,EFNB3_HUMAN,EPHB3_HUMAN,curated,PMID:15114347,True,RVentoTormo,,,,,,CellPhoneDBcore<=4.1,EFNB3-EPHB3,Signaling by Ephrin,Ligand-Receptor,
EFNB3,EPHB4,<a target='_blank' href='https://www.ncbi.nlm.nih.gov/pubmed/15114347'>15114347</a>,,Q15768,P54760,EFNB3_HUMAN,EPHB4_HUMAN,curated,PMID:15114347,True,RVentoTormo,,,,,,CellPhoneDBcore<=4.1,EFNB3-EPHB4,Signaling by Ephrin,Ligand-Receptor,
EFNB3,EPHB6,<a target='_blank' href='https://www.ncbi.nlm.nih.gov/pubmed/15114347'>15114347</a>,,Q15768,O15197,EFNB3_HUMAN,EPHB6_HUMAN,curated,PMID:15114347,True,RVentoTormo,,,,,,CellPhoneDBcore<=4.1,EFNB3-EPHB6,Signaling by Ephrin,Ligand-Receptor,
FCER2,CR2,"<a target='_blank' href='https://www.ncbi.nlm.nih.gov/pubmed/16785534'>16785534</a>, <a target='_blank' href='https://www.ncbi.nlm.nih.gov/pubmed/16172256'>16172256</a>",,P06734,P20023,FCER2_HUMAN,CR2_HUMAN,curated,PMID:16785534;PMC2212946,True,RVentoTormo,,,,,,CellPhoneDBcore<=4.1,FCER2-CR2,Signaling by FC receptor,Receptor-Receptor,
FGF1,FGFR2,<a target='_blank' href='https://www.ncbi.nlm.nih.gov/pubmed/27458533'>27458533</a>,,P05230,P21802,FGF1_HUMAN,FGFR2_HUMAN,curated,uniprot;reactome;PMID:27458533,True,LGarciaAlonso,R-HSA-190227,R-HSA-190260,R-HSA-5654738,,,CellPhoneDBcore<=4.1,FGF1-FGFR2,Signaling by Fibroblast growth factor,Ligand-Receptor,
FGF1,FGFR3,<a target='_blank' href='https://www.ncbi.nlm.nih.gov/pubmed/27458533'>27458533</a>,,P05230,P22607,FGF1_HUMAN,FGFR3_HUMAN,curated,uniprot;reactome;PMID:27458533,True,LGarciaAlonso,R-HSA-190232,R-HSA-190263,R-HSA-190239,,,CellPhoneDBcore<=4.1,FGF1-FGFR3,Signaling by Fibroblast growth factor,Ligand-Receptor,
FGF1,FGFR4,<a target='_blank' href='https://www.ncbi.nlm.nih.gov/pubmed/25772309'>25772309</a>,,P05230,P22455,FGF1_HUMAN,FGFR4_HUMAN,curated,reactome;PMID:25772309,True,LGarciaAlonso,,R-HSA-190265,R-HSA-190322,,,CellPhoneDBcore<=4.1,FGF1-FGFR4,Signaling by Fibroblast growth factor,Ligand-Receptor,
FGF10,FGFR2,<a target='_blank' href='https://www.ncbi.nlm.nih.gov/pubmed/25772309'>25772309</a>,,O15520,P21802,FGF10_HUMAN,FGFR2_HUMAN,curated,reactome;PMID:25772309,True,LGarciaAlonso,R-HSA-190227,R-HSA-190260,R-HSA-5654738,,,CellPhoneDBcore<=4.1,FGF10-FGFR2,Signaling by Fibroblast growth factor,Ligand-Receptor,
FGF17,FGFR3,"<a target='_blank' href='https://www.ncbi.nlm.nih.gov/pubmed/27458533'>27458533</a>, <a target='_blank' href='https://www.ncbi.nlm.nih.gov/pubmed/25772309'>25772309</a>",,O60258,P22607,FGF17_HUMAN,FGFR3_HUMAN,curated,uniprot;reactome;PMID:27458533;PMID:25772309,True,LGarciaAlonso,R-HSA-190232,R-HSA-190263,R-HSA-190239,,,CellPhoneDBcore<=4.1,FGF17-FGFR3,Signaling by Fibroblast growth factor,Ligand-Receptor,
FGF19,FGFR4,<a target='_blank' href='https://www.ncbi.nlm.nih.gov/pubmed/25772309'>25772309</a>,,O95750,BetaKlotho_FGFR4,FGF19_HUMAN,,curated,uniprot;reactome;PMID:25772309,True,LGarciaAlonso,R-HSA-1307953,R-HSA-1307955,R-HSA-190322,,,CellPhoneDBcore<=4.1,FGF19-FGFR4+KLB,Signaling by Fibroblast growth factor,Ligand-Receptor,
FGF20,FGFR3,<a target='_blank' href='https://www.ncbi.nlm.nih.gov/pubmed/25772309'>25772309</a>,,Q9NP95,P22607,FGF20_HUMAN,FGFR3_HUMAN,curated,uniprot;reactome;PMID:25772309,True,LGarciaAlonso,R-HSA-190232,R-HSA-190263,R-HSA-190239,,,CellPhoneDBcore<=4.1,FGF20-FGFR3,Signaling by Fibroblast growth factor,Ligand-Receptor,
FGF21,FGFR4,<a target='_blank' href='https://www.ncbi.nlm.nih.gov/pubmed/25772309'>25772309</a>,,Q9NSA1,BetaKlotho_FGFR4,FGF21_HUMAN,,curated,uniprot;PMID:25772309,True,LGarciaAlonso,,,,,,CellPhoneDBcore<=4.1,FGF21-FGFR4+KLB,Signaling by Fibroblast growth factor,Ligand-Receptor,
FGF22,FGFR2,<a target='_blank' href='https://www.ncbi.nlm.nih.gov/pubmed/25772309'>25772309</a>,,Q9HCT0,P21802,FGF22_HUMAN,FGFR2_HUMAN,curated,reactome;PMID:25772309,True,LGarciaAlonso,R-HSA-190227,R-HSA-190260,R-HSA-5654738,,,CellPhoneDBcore<=4.1,FGF22-FGFR2,Signaling by Fibroblast growth factor,Ligand-Receptor,
FGF23,FGFR1,<a target='_blank' href='https://www.ncbi.nlm.nih.gov/pubmed/25772309'>25772309</a>,,Q9GZV9,Klotho_FGFR1,FGF23_HUMAN,,curated,reactome;PMID:25772309,True,LGarciaAlonso,R-HSA-500333,R-HSA-190268,R-HSA-5654736,,,CellPhoneDBcore<=4.1,FGF23-FGFR1+KL,Signaling by Fibroblast growth factor,Ligand-Receptor,
FGF3,FGFR2,<a target='_blank' href='https://www.ncbi.nlm.nih.gov/pubmed/25772309'>25772309</a>,,P11487,P21802,FGF3_HUMAN,FGFR2_HUMAN,curated,reactome;PMID:25772309,True,LGarciaAlonso,R-HSA-190227,R-HSA-190260,R-HSA-5654738,,,CellPhoneDBcore<=4.1,FGF3-FGFR2,Signaling by Fibroblast growth factor,Ligand-Receptor,
FGF4,FGFR1,"<a target='_blank' href='https://www.ncbi.nlm.nih.gov/pubmed/27458533'>27458533</a>, <a target='_blank' href='https://www.ncbi.nlm.nih.gov/pubmed/25772309'>25772309</a>",,P08620,P11362,FGF4_HUMAN,FGFR1_HUMAN,curated,uniprot;reactome;PMID:27458533;PMID:25772309,True,LGarciaAlonso,,R-HSA-190256,R-HSA-5654736,,,CellPhoneDBcore<=4.1,FGF4-FGFR1,Signaling by Fibroblast growth factor,Ligand-Receptor,
FGF5,FGFR1,"<a target='_blank' href='https://www.ncbi.nlm.nih.gov/pubmed/27458533'>27458533</a>, <a target='_blank' href='https://www.ncbi.nlm.nih.gov/pubmed/25772309'>25772309</a>",,P12034,P11362,FGF5_HUMAN,FGFR1_HUMAN,curated,uniprot;reactome;PMID:27458533;PMID:25772309,True,LGarciaAlonso,,R-HSA-190256,R-HSA-5654736,,,CellPhoneDBcore<=4.1,FGF5-FGFR1,Signaling by Fibroblast growth factor,Ligand-Receptor,
FGF6,FGFR1,"<a target='_blank' href='https://www.ncbi.nlm.nih.gov/pubmed/27458533'>27458533</a>, <a target='_blank' href='https://www.ncbi.nlm.nih.gov/pubmed/25772309'>25772309</a>",,P10767,P11362,FGF6_HUMAN,FGFR1_HUMAN,curated,uniprot;reactome;PMID:27458533;PMID:25772309,True,LGarciaAlonso,,R-HSA-190256,R-HSA-5654736,,,CellPhoneDBcore<=4.1,FGF6-FGFR1,Signaling by Fibroblast growth factor,Ligand-Receptor,
FGF7,FGFR2,<a target='_blank' href='https://www.ncbi.nlm.nih.gov/pubmed/25772309'>25772309</a>,,P21781,P21802,FGF7_HUMAN,FGFR2_HUMAN,curated,reactome;PMID:25772309,True,LGarciaAlonso,R-HSA-190227,R-HSA-190260,R-HSA-5654738,,,CellPhoneDBcore<=4.1,FGF7-FGFR2,Signaling by Fibroblast growth factor,Ligand-Receptor,
FGF8,FGFR3,"<a target='_blank' href='https://www.ncbi.nlm.nih.gov/pubmed/27458533'>27458533</a>, <a target='_blank' href='https://www.ncbi.nlm.nih.gov/pubmed/25772309'>25772309</a>",,P55075,P22607,FGF8_HUMAN,FGFR3_HUMAN,curated,uniprot;reactome;PMID:27458533;PMID:25772309,True,LGarciaAlonso,R-HSA-190232,R-HSA-190263,R-HSA-190239,,,CellPhoneDBcore<=4.1,FGF8-FGFR3,Signaling by Fibroblast growth factor,Ligand-Receptor,
FGF9,FGFR3,"<a target='_blank' href='https://www.ncbi.nlm.nih.gov/pubmed/27458533'>27458533</a>, <a target='_blank' href='https://www.ncbi.nlm.nih.gov/pubmed/25772309'>25772309</a>",,P31371,P22607,FGF9_HUMAN,FGFR3_HUMAN,curated,uniprot;reactome;PMID:27458533;PMID:25772309,True,LGarciaAlonso,R-HSA-190232,R-HSA-190263,R-HSA-190239,,,CellPhoneDBcore<=4.1,FGF9-FGFR3,Signaling by Fibroblast growth factor,Ligand-Receptor,
NCAM1,FGFR1,<a target='_blank' href='https://www.ncbi.nlm.nih.gov/pubmed/12791257'>12791257</a>,,P13591,P11362,NCAM1_HUMAN,FGFR1_HUMAN,curated,PMID:12791257,True,RVentoTormo,,,,,,CellPhoneDBcore<=4.1,NCAM1-FGFR1,Signaling by Fibroblast growth factor,Ligand-Receptor,
GDF2,ACVR2A,<a target='_blank' href='https://www.ncbi.nlm.nih.gov/pubmed/25136781'>25136781</a>,,Q9UK05,ACVL1_ACVR2A,GDF2_HUMAN,,curated,PMID:25136781,True,LGarciaAlonso,,,,,,CellPhoneDBcore<=4.1,GDF2-ACVR2A+ACVRL1,Signaling by Growth differentiation factor,Ligand-Receptor,
GDF2,BMPR2,<a target='_blank' href='https://www.ncbi.nlm.nih.gov/pubmed/22710174'>22710174</a>,,Q9UK05,ACVL1_BMPR2,GDF2_HUMAN,,curated,PMID:22710174,True,RVentoTormo,,,,,,CellPhoneDBcore<=4.1,GDF2-ACVRL1+BMPR2,Signaling by Growth differentiation factor,Ligand-Receptor,
GDF5,BMPR1B;BMPR2,<a target='_blank' href='https://www.ncbi.nlm.nih.gov/pubmed/22710174'>22710174</a>,,P43026,BMPR1B_BMPR2,GDF5_HUMAN,,curated,PMID:22710174,True,RVentoTormo,,,,,,CellPhoneDBcore<=4.1,GDF5-BMPR1B+BMPR2,Signaling by Growth differentiation factor,Ligand-Receptor,
GDF6,BMPR1A;BMPR2,<a target='_blank' href='https://www.ncbi.nlm.nih.gov/pubmed/22710174'>22710174</a>,,Q6KF10,BMPR1A_BMPR2,GDF6_HUMAN,,curated,PMID:22710174,True,RVentoTormo,,,,,,CellPhoneDBcore<=4.1,GDF6-BMPR1A+BMPR2,Signaling by Growth differentiation factor,Ligand-Receptor,
GDF6,BMPR1B;BMPR2,<a target='_blank' href='https://www.ncbi.nlm.nih.gov/pubmed/22710174'>22710174</a>,,Q6KF10,BMPR1B_BMPR2,GDF6_HUMAN,,curated,PMID:22710174,True,RVentoTormo,,,,,,CellPhoneDBcore<=4.1,GDF6-BMPR1B+BMPR2,Signaling by Growth differentiation factor,Ligand-Receptor,
GDF7,BMPR1A;BMPR2,<a target='_blank' href='https://www.ncbi.nlm.nih.gov/pubmed/22710174'>22710174</a>,,Q7Z4P5,BMPR1A_BMPR2,GDF7_HUMAN,,curated,PMID:22710174,True,RVentoTormo,,,,,,CellPhoneDBcore<=4.1,GDF7-BMPR1A+BMPR2,Signaling by Growth differentiation factor,Ligand-Receptor,
GDF7,BMPR1B;BMPR2,<a target='_blank' href='https://www.ncbi.nlm.nih.gov/pubmed/22710174'>22710174</a>,,Q7Z4P5,BMPR1B_BMPR2,GDF7_HUMAN,,curated,PMID:22710174,True,RVentoTormo,,,,,,CellPhoneDBcore<=4.1,GDF7-BMPR1B+BMPR2,Signaling by Growth differentiation factor,Ligand-Receptor,
GDF9,BMPR2,<a target='_blank' href='https://www.ncbi.nlm.nih.gov/pubmed/12135884'>12135884</a>,,O60383,TGFR_BMPR2,GDF9_HUMAN,,curated,PMID:12135884,True,RVentoTormo,,,,,,CellPhoneDBcore<=4.1,GDF9-BMPR2+TGFBR1,Signaling by Growth differentiation factor,Ligand-Receptor,
IHH,HHIP,<a target='_blank' href='https://www.ncbi.nlm.nih.gov/pubmed/10050855'>10050855</a>,,Q14623,Q96QV1,IHH_HUMAN,HHIP_HUMAN,curated,reactome;PMID:10050855,True,LGarciaAlonso,,R-HSA-445448,,,,CellPhoneDBcore<=4.1,IHH-HHIP,Signaling by Indian hedgehog,Ligand-Ligand,Inhibitory
IGF1,IGF1R,<a target='_blank' href='https://www.ncbi.nlm.nih.gov/pubmed/18413366'>18413366</a>,,P05019,IGF1R_enhancerComGPC3,IGF1_HUMAN,,curated,PMID:18413366,True,LGarciaAlonso,,,,,,CellPhoneDBcore<=4.1,IGF1-GPC3+IGF1R,Signaling by Insulin-like growth factor,Ligand-Receptor,
IGF2,IGF1R,<a target='_blank' href='https://www.ncbi.nlm.nih.gov/pubmed/27102148'>27102148</a>,,P01344,P08069,IGF2_HUMAN,IGF1R_HUMAN,curated,PMID:27102148,True,RVentoTormo,,,,,,CellPhoneDBcore<=4.1,IGF2-IGF1R,Signaling by Insulin-like growth factor,Ligand-Receptor,
IFNA1,IFNR,<a target='_blank' href='https://www.ncbi.nlm.nih.gov/pubmed/9208871'>9208871</a>,,IFNA1,Type_I_IFNR,IFNA1,,curated,PMID:9208871,True,RVentoTormo,,,,,,CellPhoneDBcore<=4.1,IFNA1-IFNAR1+IFNAR2,Signaling by Interferon,Ligand-Receptor,
IFNB1,IFNR,<a target='_blank' href='https://www.ncbi.nlm.nih.gov/pubmed/9208871'>9208871</a>,,P01574,Type_I_IFNR,IFNB_HUMAN,,curated,PMID:9208871,True,RVentoTormo,,,,,,CellPhoneDBcore<=4.1,IFNB1-IFNAR1+IFNAR2,Signaling by Interferon,Ligand-Receptor,
IFNE,IFNR,<a target='_blank' href='https://www.ncbi.nlm.nih.gov/pubmed/9208871'>9208871</a>,,Q86WN2,Type_I_IFNR,IFNE_HUMAN,,curated,PMID:9208871,True,RVentoTormo,,,,,,CellPhoneDBcore<=4.1,IFNE-IFNAR1+IFNAR2,Signaling by Interferon,Ligand-Receptor,
IFNG,IFNR,<a target='_blank' href='https://www.ncbi.nlm.nih.gov/pubmed/9208871'>9208871</a>,,P01579,Type_II_IFNR,IFNG_HUMAN,,curated,PMID:9208871,True,RVentoTormo,,,,,,CellPhoneDBcore<=4.1,IFNG-IFNGR1+IFNGR2,Signaling by Interferon,Ligand-Receptor,
IFNK,IFNR,<a target='_blank' href='https://www.ncbi.nlm.nih.gov/pubmed/9208871'>9208871</a>,,Q9P0W0,Type_I_IFNR,IFNK_HUMAN,,curated,PMID:9208871,True,RVentoTormo,,,,,,CellPhoneDBcore<=4.1,IFNK-IFNAR1+IFNAR2,Signaling by Interferon,Ligand-Receptor,
IFNL1,IFNR,<a target='_blank' href='https://www.ncbi.nlm.nih.gov/pubmed/9208871'>9208871</a>,,Q8IU54,Type_III_IFNR,IFNL1_HUMAN,,curated,PMID:9208871,True,RVentoTormo,,,,,,CellPhoneDBcore<=4.1,IFNL1-IFNLR1+IL10RB,Signaling by Interferon,Ligand-Receptor,
IFNL2,IFNR,<a target='_blank' href='https://www.ncbi.nlm.nih.gov/pubmed/9208871'>9208871</a>,,Q8IZJ0,Type_III_IFNR,IFNL2_HUMAN,,curated,PMID:9208871,True,RVentoTormo,,,,,,CellPhoneDBcore<=4.1,IFNL2-IFNLR1+IL10RB,Signaling by Interferon,Ligand-Receptor,
IFNL3,IFNR,<a target='_blank' href='https://www.ncbi.nlm.nih.gov/pubmed/9208871'>9208871</a>,,Q8IZI9,Type_III_IFNR,IFNL3_HUMAN,,curated,PMID:9208871,True,RVentoTormo,,,,,,CellPhoneDBcore<=4.1,IFNL3-IFNLR1+IL10RB,Signaling by Interferon,Ligand-Receptor,
IFNW1,IFNR,<a target='_blank' href='https://www.ncbi.nlm.nih.gov/pubmed/9208871'>9208871</a>,,P05000,Type_I_IFNR,IFNW1_HUMAN,,curated,PMID:9208871,True,RVentoTormo,,,,,,CellPhoneDBcore<=4.1,IFNW1-IFNAR1+IFNAR2,Signaling by Interferon,Ligand-Receptor,
IL26,IL26,<a target='_blank' href='https://www.ncbi.nlm.nih.gov/pubmed/25421700'>25421700</a>,,Q9NPH9,IL26_receptor,IL26_HUMAN,,curated,PMID:25421700,True,RVentoTormo,,,,,,CellPhoneDBcore<=4.1,IL26-IL10RB+IL20RA,Signaling by Interleukin,Ligand-Receptor,
GFRA1,KLRK1,<a target='_blank' href='https://www.ncbi.nlm.nih.gov/pubmed/24223577._4s0u'>24223577._4s0u</a>,,Q5VY80,NKG2D_II_receptor,RET1L_HUMAN,,curated,Induces_NK_Cell_Activation._Reviewed_in_PMID:24223577._4s0u;PDB_partially,True,RVentoTormo,,,,,,CellPhoneDBcore<=4.1,RAET1L-HCST+KLRK1,Signaling by Killer Cell Lectin Like Receptor K1,Ligand-Receptor,
LRFN4,PTPRD,"<a target='_blank' href='https://www.ncbi.nlm.nih.gov/pubmed/29100073'>29100073</a>, <a target='_blank' href='https://www.ncbi.nlm.nih.gov/pubmed/34966732'>34966732</a>",,Q6PJG9,P23468,LRFN4_HUMAN,PTPRD_HUMAN,curated,PMID:29100073;PMID:34966732,True,JCranley,,,,,,CellPhoneDBcore4.1,LRFN4-PTPRD,Signaling by Leucine Rich Repeat And Fibronectin,Ligand-Receptor,
LRFN4,PTPRF,"<a target='_blank' href='https://www.ncbi.nlm.nih.gov/pubmed/29100073'>29100073</a>, <a target='_blank' href='https://www.ncbi.nlm.nih.gov/pubmed/34966732'>34966732</a>",,Q6PJG9,P10586,LRFN4_HUMAN,PTPRF_HUMAN,curated,PMID:29100073;PMID:34966732,True,JCranley,,,,,,CellPhoneDBcore4.1,LRFN4-PTPRF,Signaling by Leucine Rich Repeat And Fibronectin,Ligand-Receptor,
LRFN4,PTPRS,"<a target='_blank' href='https://www.ncbi.nlm.nih.gov/pubmed/29100073'>29100073</a>, <a target='_blank' href='https://www.ncbi.nlm.nih.gov/pubmed/34966732'>34966732</a>",,Q6PJG9,Q13332,LRFN4_HUMAN,PTPRS_HUMAN,curated,PMID:29100073;PMID:34966732,True,JCranley,,,,,,CellPhoneDBcore4.1,LRFN4-PTPRS,Signaling by Leucine Rich Repeat And Fibronectin,Ligand-Receptor,
LRFN5,PTPRD,"<a target='_blank' href='https://www.ncbi.nlm.nih.gov/pubmed/29100073'>29100073</a>, <a target='_blank' href='https://www.ncbi.nlm.nih.gov/pubmed/34966732'>34966732</a>",,Q96NI6,P23468,LRFN5_HUMAN,PTPRD_HUMAN,curated,PMID:29100073;PMID:34966732,True,JCranley,,,,,,CellPhoneDBcore4.1,LRFN5-PTPRD,Signaling by Leucine Rich Repeat And Fibronectin,Ligand-Receptor,
LRFN5,PTPRF,"<a target='_blank' href='https://www.ncbi.nlm.nih.gov/pubmed/29100073'>29100073</a>, <a target='_blank' href='https://www.ncbi.nlm.nih.gov/pubmed/34966732'>34966732</a>",,Q96NI6,P10586,LRFN5_HUMAN,PTPRF_HUMAN,curated,PMID:29100073;PMID:34966732,True,JCranley,,,,,,CellPhoneDBcore4.1,LRFN5-PTPRF,Signaling by Leucine Rich Repeat And Fibronectin,Ligand-Receptor,
LRFN5,PTPRS,"<a target='_blank' href='https://www.ncbi.nlm.nih.gov/pubmed/29100073'>29100073</a>, <a target='_blank' href='https://www.ncbi.nlm.nih.gov/pubmed/34966732'>34966732</a>",,Q96NI6,Q13332,LRFN5_HUMAN,PTPRS_HUMAN,curated,PMID:29100073;PMID:34966732,True,JCranley,,,,,,CellPhoneDBcore4.1,LRFN5-PTPRS,Signaling by Leucine Rich Repeat And Fibronectin,Ligand-Receptor,
XCL1,XCR1,<a target='_blank' href='https://www.ncbi.nlm.nih.gov/pubmed/24218476'>24218476</a>,,P47992,P46094,XCL1_HUMAN,XCR1_HUMAN,curated,PMID:24218476,True,RVentoTormo,,,,,,CellPhoneDBcore<=4.1,XCL1-XCR1,Signaling by Lymphotactin,Ligand-Receptor,
MVK,PTPRZ2,<a target='_blank' href='https://www.ncbi.nlm.nih.gov/pubmed/10212223'>10212223</a>,,P21741,P23471,MK_HUMAN,PTPRZ_HUMAN,curated,PMID:10212223,True,RVentoTormo,,,,,,CellPhoneDBcore<=4.1,MDK-PTPRZ1,Signaling by Midkine,Ligand-Receptor,
AMH,AMH,<a target='_blank' href='https://www.ncbi.nlm.nih.gov/pubmed/22710174'>22710174</a>,,P03971,MIS_receptor_3,MIS_HUMAN,,curated,PMID:22710174,True,RVentoTormo,,,,,,CellPhoneDBcore<=4.1,AMH-ACVR1+AMHR2,Signaling by Muellerian-inhibiting factor,Ligand-Receptor,
AMH,AMH,<a target='_blank' href='https://www.ncbi.nlm.nih.gov/pubmed/22710174'>22710174</a>,,P03971,MIS_receptor_1,MIS_HUMAN,,curated,PMID:22710174,True,RVentoTormo,,,,,,CellPhoneDBcore<=4.1,AMH-AMHR2+BMPR1A,Signaling by Muellerian-inhibiting factor,Ligand-Receptor,
AMH,AMH,<a target='_blank' href='https://www.ncbi.nlm.nih.gov/pubmed/22710174'>22710174</a>,,P03971,MIS_receptor_2,MIS_HUMAN,,curated,PMID:22710174,True,RVentoTormo,,,,,,CellPhoneDBcore<=4.1,AMH-AMHR2+BMPR1B,Signaling by Muellerian-inhibiting factor,Ligand-Receptor,
NECTIN2,TIGIT,"<a target='_blank' href='https://www.ncbi.nlm.nih.gov/pubmed/1313846'>1313846</a>, <a target='_blank' href='https://www.ncbi.nlm.nih.gov/pubmed/24987108'>24987108</a>",,Q92692,Q495A1,PVRL2_HUMAN,TIGIT_HUMAN,curated,PMID:1313846;Induces_NK_Cell_Inhibition._Reviewed_in_PMID:24987108,True,RVentoTormo,,,,,,CellPhoneDBcore<=4.1,NECTIN2-TIGIT,Signaling by Nectin,Ligand-Receptor,
NECTIN3,PVR,"<a target='_blank' href='https://www.ncbi.nlm.nih.gov/pubmed/19011627'>19011627</a>, <a target='_blank' href='https://www.ncbi.nlm.nih.gov/pubmed/12740392'>12740392</a>",,Q9NQS3,P15151,PVRL3_HUMAN,PVR_HUMAN,curated,PMID:19011627;PMID:12740392,True,RVentoTormo,,,,,,CellPhoneDBcore<=4.1,NECTIN3-PVR,Signaling by Nectin,Ligand-Receptor,
NECTIN3,TIGIT,<a target='_blank' href='https://www.ncbi.nlm.nih.gov/pubmed/1313846'>1313846</a>,,Q9NQS3,Q495A1,PVRL3_HUMAN,TIGIT_HUMAN,curated,PMID:1313846,True,RVentoTormo,,,,,,CellPhoneDBcore<=4.1,NECTIN3-TIGIT,Signaling by Nectin,Ligand-Receptor,
NLGN3,PTPRD,"<a target='_blank' href='https://www.ncbi.nlm.nih.gov/pubmed/29100073'>29100073</a>, <a target='_blank' href='https://www.ncbi.nlm.nih.gov/pubmed/34966732'>34966732</a>",,Q9NZ94,P23468,NLGN3_HUMAN,PTPRD_HUMAN,curated,PMID:29100073;PMID:34966732,True,JCranley,,,,,,CellPhoneDBcore4.1,NLGN3-PTPRD,Signaling by Neuroligin,Ligand-Receptor,
NODAL,NODAL;CFC1,<a target='_blank' href='https://www.ncbi.nlm.nih.gov/pubmed/22710174'>22710174</a>,,Q96S42,NODAL_receptor_IbIIb_CFC1,NODAL_HUMAN,,curated,PMID:22710174,True,LGarciaAlonso,,,,,,CellPhoneDBcore<=4.1,NODAL-ACVR1B+ACVR2B+CFC1,Signaling by NODAL,Ligand-Receptor,
NODAL,NODAL;TDGF1,<a target='_blank' href='https://www.ncbi.nlm.nih.gov/pubmed/22710174'>22710174</a>,,Q96S42,NODAL_receptor_IbIIb_TDGF1,NODAL_HUMAN,,curated,PMID:22710174,True,RVentoTormo,,,,,,CellPhoneDBcore<=4.1,NODAL-ACVR1B+ACVR2B+TDGF1,Signaling by NODAL,Ligand-Receptor,
NODAL,NODAL;CFC1,<a target='_blank' href='https://www.ncbi.nlm.nih.gov/pubmed/15150278'>15150278</a>,,Q96S42,NODAL_receptor_IcIIb_CFC1,NODAL_HUMAN,,curated,reactome;PMID:15150278,True,LGarciaAlonso,R-HSA-1181141,R-HSA-1181155,,,,CellPhoneDBcore<=4.1,NODAL-ACVR1C+ACVR2B+CFC1,Signaling by NODAL,Ligand-Receptor,
NODAL,NODAL;TDGF1,<a target='_blank' href='https://www.ncbi.nlm.nih.gov/pubmed/15150278'>15150278</a>,,Q96S42,NODAL_receptor_IcIIb_TDGF1,NODAL_HUMAN,,curated,reactome;PMID:15150278,True,LGarciaAlonso,R-HSA-1181141,R-HSA-1181155,,,,CellPhoneDBcore<=4.1,NODAL-ACVR1C+ACVR2B+TDGF1,Signaling by NODAL,Ligand-Receptor,
PTN,PTPRZ2,<a target='_blank' href='https://www.ncbi.nlm.nih.gov/pubmed/25644401'>25644401</a>,,P21246,P23471,PTN_HUMAN,PTPRZ_HUMAN,curated,PMID:25644401,True,RVentoTormo,,,,,,CellPhoneDBcore<=4.1,PTN-PTPRZ1,Signaling by Pleiotrophin,Ligand-Receptor,
PODXL,SELL,<a target='_blank' href='https://www.ncbi.nlm.nih.gov/pubmed/22814396'>22814396</a>,,O00592,P14151,PODXL_HUMAN,LYAM1_HUMAN,curated,PMID:22814396,True,RVentoTormo,,,,,,CellPhoneDBcore<=4.1,PODXL-SELL,Signaling by Podocalyxin-like protein,Receptor-Receptor,
PVR,CD226,"<a target='_blank' href='https://www.ncbi.nlm.nih.gov/pubmed/15607800'>15607800</a>, <a target='_blank' href='https://www.ncbi.nlm.nih.gov/pubmed/24440149'>24440149</a>",,P15151,Q15762,PVR_HUMAN,CD226_HUMAN,curated,activating_interaction_PMID:15607800;NK_cell_cytotoxicity._PMID:24440149,True,RVentoTormo,,,,,,CellPhoneDBcore<=4.1,PVR-CD226,Signaling by Poliovirus receptor,Ligand-Receptor,
PVR,TIGIT,"<a target='_blank' href='https://www.ncbi.nlm.nih.gov/pubmed/19815499'>19815499</a>, <a target='_blank' href='https://www.ncbi.nlm.nih.gov/pubmed/24987108'>24987108</a>",,P15151,Q495A1,PVR_HUMAN,TIGIT_HUMAN,curated,PMID:19815499;Induces_NK_Cell_Inhibition._Reviewed_in_PMID:24987108,True,RVentoTormo,,,,,,CellPhoneDBcore<=4.1,PVR-TIGIT,Signaling by Poliovirus receptor,Ligand-Receptor,
PRL,PRLR,<a target='_blank' href='https://www.ncbi.nlm.nih.gov/pubmed/12580759'>12580759</a>,,P01236,P16471,PRL_HUMAN,PRLR_HUMAN,curated,uniprot;HMRbase;PMID:12580759,True,LGarciaAlonso,,,,,,CellPhoneDBcore<=4.1,PRL-PRLR,Signaling by Prolactin,Ligand-Receptor,
RSPO2,LGR4,<a target='_blank' href='https://www.ncbi.nlm.nih.gov/pubmed/24532711'>24532711</a>,,Q6UXX9,Q9BXB1,RSPO2_HUMAN,LGR4_HUMAN,curated,PMID:24532711,True,RVentoTormo,,,,,WNT agonist,CellPhoneDBcore<=4.1,RSPO2-LGR4,Signaling by R-spondin,Ligand-Receptor,
RSPO2,LGR5,<a target='_blank' href='https://www.ncbi.nlm.nih.gov/pubmed/24532711'>24532711</a>,,Q6UXX9,O75473,RSPO2_HUMAN,LGR5_HUMAN,curated,PMID:24532711,True,RVentoTormo,,,,,WNT agonist,CellPhoneDBcore<=4.1,RSPO2-LGR5,Signaling by R-spondin,Ligand-Receptor,
RSPO2,LGR6,<a target='_blank' href='https://www.ncbi.nlm.nih.gov/pubmed/24532711'>24532711</a>,,Q6UXX9,Q9HBX8,RSPO2_HUMAN,LGR6_HUMAN,curated,PMID:24532711,True,RVentoTormo,,,,,WNT agonist.,CellPhoneDBcore<=4.1,RSPO2-LGR6,Signaling by R-spondin,Ligand-Receptor,
RSPO3,LGR4,<a target='_blank' href='https://www.ncbi.nlm.nih.gov/pubmed/24532711'>24532711</a>,,Q9BXY4,Q9BXB1,RSPO3_HUMAN,LGR4_HUMAN,curated,PMID:24532711,True,RVentoTormo,,,,,WNT agonist,CellPhoneDBcore<=4.1,RSPO3-LGR4,Signaling by R-spondin,Ligand-Receptor,
RSPO3,LGR5,<a target='_blank' href='https://www.ncbi.nlm.nih.gov/pubmed/24532711'>24532711</a>,,Q9BXY4,O75473,RSPO3_HUMAN,LGR5_HUMAN,curated,PMID:24532711,True,RVentoTormo,,,,,WNT agonist,CellPhoneDBcore<=4.1,RSPO3-LGR5,Signaling by R-spondin,Ligand-Receptor,
RSPO3,LGR6,<a target='_blank' href='https://www.ncbi.nlm.nih.gov/pubmed/24532711'>24532711</a>,,Q9BXY4,Q9HBX8,RSPO3_HUMAN,LGR6_HUMAN,curated,PMID:24532711,True,RVentoTormo,,,,,WNT agonist.,CellPhoneDBcore<=4.1,RSPO3-LGR6,Signaling by R-spondin,Ligand-Receptor,
RSPO4,LGR4,<a target='_blank' href='https://www.ncbi.nlm.nih.gov/pubmed/24532711'>24532711</a>,,Q2I0M5,Q9BXB1,RSPO4_HUMAN,LGR4_HUMAN,curated,PMID:24532711,True,RVentoTormo,,,,,WNT agonist,CellPhoneDBcore<=4.1,RSPO4-LGR4,Signaling by R-spondin,Ligand-Receptor,
RSPO4,LGR5,<a target='_blank' href='https://www.ncbi.nlm.nih.gov/pubmed/24532711'>24532711</a>,,Q2I0M5,O75473,RSPO4_HUMAN,LGR5_HUMAN,curated,PMID:24532711,True,RVentoTormo,,,,,WNT agonist,CellPhoneDBcore<=4.1,RSPO4-LGR5,Signaling by R-spondin,Ligand-Receptor,
RSPO4,LGR6,<a target='_blank' href='https://www.ncbi.nlm.nih.gov/pubmed/24532711'>24532711</a>,,Q2I0M5,Q9HBX8,RSPO4_HUMAN,LGR6_HUMAN,curated,PMID:24532711,True,RVentoTormo,,,,,WNT agonist.,CellPhoneDBcore<=4.1,RSPO4-LGR6,Signaling by R-spondin,Ligand-Receptor,
SLIT3,ROBO1,<a target='_blank' href='https://www.ncbi.nlm.nih.gov/pubmed/10102268'>10102268</a>,,O75093,Q9Y6N7,SLIT1_HUMAN,ROBO1_HUMAN,curated,uniprot;PMID:10102268,True,LGarciaAlonso,,,,,,CellPhoneDBcore<=4.1,SLIT1-ROBO1,Signaling by SLIT and NTRK-like protein,Ligand-Receptor,
SLIT2,ROBO1,<a target='_blank' href='https://www.ncbi.nlm.nih.gov/pubmed/10102268'>10102268</a>,,O94813,Q9Y6N7,SLIT2_HUMAN,ROBO1_HUMAN,curated,reactome;uniprot;PMID:10102268,True,LGarciaAlonso,R-HSA-390371,R-HSA-204364,,,,CellPhoneDBcore<=4.1,SLIT2-ROBO1,Signaling by SLIT and NTRK-like protein,Ligand-Receptor,
SLIT2,ROBO2,<a target='_blank' href='https://www.ncbi.nlm.nih.gov/pubmed/10102268'>10102268</a>,,O94813,Q9HCK4,SLIT2_HUMAN,ROBO2_HUMAN,curated,uniprot;PMID:10102268,True,LGarciaAlonso,,,,,,CellPhoneDBcore<=4.1,SLIT2-ROBO2,Signaling by SLIT and NTRK-like protein,Ligand-Receptor,
SHH,PTCH2;BOC,<a target='_blank' href='https://www.ncbi.nlm.nih.gov/pubmed/25448692'>25448692</a>,,Q15465,PTCH2_BOC_transmembrane_receptor,SHH_HUMAN,,curated,PMID:25448692,True,LGarciaAlonso,,,,,,CellPhoneDBcore<=4.1,SHH-BOC+PTCH2,Signaling by Sonic hedgehog,Ligand-Receptor,
SHH,PTCH2;CDON,<a target='_blank' href='https://www.ncbi.nlm.nih.gov/pubmed/25448692'>25448692</a>,,Q15465,PTCH2_CDON_transmembrane_receptor,SHH_HUMAN,,curated,PMID:25448692,True,LGarciaAlonso,,,,,,CellPhoneDBcore<=4.1,SHH-CDON+PTCH2,Signaling by Sonic hedgehog,Ligand-Receptor,
SHH,PTCH2;GAS1,<a target='_blank' href='https://www.ncbi.nlm.nih.gov/pubmed/25448692'>25448692</a>,,Q15465,PTCH2_GAS1_transmembrane_receptor,SHH_HUMAN,,curated,PMID:25448692,True,LGarciaAlonso,,,,,,CellPhoneDBcore<=4.1,SHH-GAS1+PTCH2,Signaling by Sonic hedgehog,Ligand-Receptor,
SHH,HHIP,"<a target='_blank' href='https://www.ncbi.nlm.nih.gov/pubmed/10050855'>10050855</a>, <a target='_blank' href='https://www.ncbi.nlm.nih.gov/pubmed/19561611'>19561611</a>",,Q15465,Q96QV1,SHH_HUMAN,HHIP_HUMAN,curated,reactome;PMID:10050855;PMID:19561611,True,LGarciaAlonso,,R-HSA-445448,,,,CellPhoneDBcore<=4.1,SHH-HHIP,Signaling by Sonic hedgehog,Ligand-Ligand,Inhibitory
DKK1,LRP5,<a target='_blank' href='https://www.ncbi.nlm.nih.gov/pubmed/12775774'>12775774</a>,,O94907,O75197,DKK1_HUMAN,LRP5_HUMAN,curated,PMID:12775774,True,RVentoTormo,,,,,Inhibition WNT. It requires the co_receptor KREMEN1 & KREMEN2. Soluble proteins,CellPhoneDBcore<=4.1,DKK1-LRP5,Signaling by WNT,Ligand-Receptor,
DKK1,LRP6,<a target='_blank' href='https://www.ncbi.nlm.nih.gov/pubmed/12775774'>12775774</a>,,O94907,O75581,DKK1_HUMAN,LRP6_HUMAN,curated,PMID:12775774,True,RVentoTormo,,,,,Inhibition WNT. It requires the co_receptor KREMEN1 & KREMEN2. Soluble proteins,CellPhoneDBcore<=4.1,DKK1-LRP6,Signaling by WNT,Ligand-Receptor,
DKK2,LRP6,<a target='_blank' href='https://www.ncbi.nlm.nih.gov/pubmed/30035713'>30035713</a>,,Q9UBU2,O75581,DKK2_HUMAN,LRP6_HUMAN,curated,uniprot;PMID:30035713,True,LGarciaAlonso,,,,,,CellPhoneDBcore<=4.1,DKK2-LRP6,Signaling by WNT,Ligand-Receptor,
WNT1,CER1,<a target='_blank' href='https://www.ncbi.nlm.nih.gov/pubmed/10067895'>10067895</a>,,P04628,O95813,WNT1_HUMAN,CER1_HUMAN,curated,PMID:10067895,True,RVentoTormo,,,,,Inhibition WNT. Soluble proteins,CellPhoneDBcore<=4.1,WNT1-CER1,Signaling by WNT inhibition,Ligand-Ligand,Inhibitory
WNT1,FRZB,<a target='_blank' href='https://www.ncbi.nlm.nih.gov/pubmed/12775774'>12775774</a>,,P04628,Q92765,WNT1_HUMAN,SFRP3_HUMAN,curated,PMID:12775774,True,RVentoTormo,,,,,Inhibition WNT. Soluble proteins,CellPhoneDBcore<=4.1,WNT1-FRZB,Signaling by WNT inhibition,Ligand-Ligand,Inhibitory
WNT1,FZD1;LRP5,<a target='_blank' href='https://www.ncbi.nlm.nih.gov/pubmed/24032637'>24032637</a>,,P04628,FZD1_LRP5,WNT1_HUMAN,,curated,PMID:24032637,True,RVentoTormo,,,,,high affinity interaction,CellPhoneDBcore<=4.1,WNT1-FZD1+LRP5,Signaling by WNT,Ligand-Receptor,
WNT1,FZD1;LRP6,<a target='_blank' href='https://www.ncbi.nlm.nih.gov/pubmed/24032637'>24032637</a>,,P04628,FZD1_LRP6,WNT1_HUMAN,,curated,PMID:24032637,True,RVentoTormo,,,,,high affinity interaction,CellPhoneDBcore<=4.1,WNT1-FZD1+LRP6,Signaling by WNT,Ligand-Receptor,
WNT1,FZD10;LRP5,<a target='_blank' href='https://www.ncbi.nlm.nih.gov/pubmed/24532711'>24532711</a>,,P04628,FZD10_LRP5,WNT1_HUMAN,,curated,PMID:24532711,True,RVentoTormo,,,,,low affinity interaction,CellPhoneDBcore<=4.1,WNT1-FZD10+LRP5,Signaling by WNT,Ligand-Receptor,
WNT1,FZD10;LRP6,<a target='_blank' href='https://www.ncbi.nlm.nih.gov/pubmed/24532711'>24532711</a>,,P04628,FZD10_LRP6,WNT1_HUMAN,,curated,PMID:24532711,True,RVentoTormo,,,,,low affinity interaction,CellPhoneDBcore<=4.1,WNT1-FZD10+LRP6,Signaling by WNT,Ligand-Receptor,
WNT1,FZD2;LRP5,<a target='_blank' href='https://www.ncbi.nlm.nih.gov/pubmed/24532711'>24532711</a>,,P04628,FZD2_LRP5,WNT1_HUMAN,,curated,PMID:24532711,True,RVentoTormo,,,,,low affinity interaction,CellPhoneDBcore<=4.1,WNT1-FZD2+LRP5,Signaling by WNT,Ligand-Receptor,
WNT1,FZD2;LRP6,<a target='_blank' href='https://www.ncbi.nlm.nih.gov/pubmed/24532711'>24532711</a>,,P04628,FZD2_LRP6,WNT1_HUMAN,,curated,PMID:24532711,True,RVentoTormo,,,,,low affinity interaction,CellPhoneDBcore<=4.1,WNT1-FZD2+LRP6,Signaling by WNT,Ligand-Receptor,
WNT1,FZD9;LRP5,<a target='_blank' href='https://www.ncbi.nlm.nih.gov/pubmed/24532711'>24532711</a>,,P04628,FZD3_LRP5,WNT1_HUMAN,,curated,PMID:24532711,True,RVentoTormo,,,,,low affinity interaction,CellPhoneDBcore<=4.1,WNT1-FZD3+LRP5,Signaling by WNT,Ligand-Receptor,
WNT1,FZD9;LRP6,<a target='_blank' href='https://www.ncbi.nlm.nih.gov/pubmed/24532711'>24532711</a>,,P04628,FZD3_LRP6,WNT1_HUMAN,,curated,PMID:24532711,True,RVentoTormo,,,,,low affinity interaction,CellPhoneDBcore<=4.1,WNT1-FZD3+LRP6,Signaling by WNT,Ligand-Receptor,
WNT1,FZD4;LRP5,<a target='_blank' href='https://www.ncbi.nlm.nih.gov/pubmed/24532711'>24532711</a>,,P04628,FZD4_LRP5,WNT1_HUMAN,,curated,PMID:24532711,True,RVentoTormo,,,,,low affinity interaction,CellPhoneDBcore<=4.1,WNT1-FZD4+LRP5,Signaling by WNT,Ligand-Receptor,
WNT1,FZD4;LRP6,<a target='_blank' href='https://www.ncbi.nlm.nih.gov/pubmed/24532711'>24532711</a>,,P04628,FZD4_LRP6,WNT1_HUMAN,,curated,PMID:24532711,True,RVentoTormo,,,,,low affinity interaction,CellPhoneDBcore<=4.1,WNT1-FZD4+LRP6,Signaling by WNT,Ligand-Receptor,
WNT1,FZD5;LRP5,<a target='_blank' href='https://www.ncbi.nlm.nih.gov/pubmed/24532711'>24532711</a>,,P04628,FZD5_LRP5,WNT1_HUMAN,,curated,PMID:24532711,True,RVentoTormo,,,,,low affinity interaction,CellPhoneDBcore<=4.1,WNT1-FZD5+LRP5,Signaling by WNT,Ligand-Receptor,
WNT1,FZD5;LRP6,<a target='_blank' href='https://www.ncbi.nlm.nih.gov/pubmed/24532711'>24532711</a>,,P04628,FZD5_LRP6,WNT1_HUMAN,,curated,PMID:24532711,True,RVentoTormo,,,,,low affinity interaction,CellPhoneDBcore<=4.1,WNT1-FZD5+LRP6,Signaling by WNT,Ligand-Receptor,
WNT1,FZD6;LRP5,<a target='_blank' href='https://www.ncbi.nlm.nih.gov/pubmed/24532711'>24532711</a>,,P04628,FZD6_LRP5,WNT1_HUMAN,,curated,PMID:24532711,True,RVentoTormo,,,,,low affinity interaction,CellPhoneDBcore<=4.1,WNT1-FZD6+LRP5,Signaling by WNT,Ligand-Receptor,
WNT1,FZD6;LRP6,<a target='_blank' href='https://www.ncbi.nlm.nih.gov/pubmed/24532711'>24532711</a>,,P04628,FZD6_LRP6,WNT1_HUMAN,,curated,PMID:24532711,True,RVentoTormo,,,,,low affinity interaction,CellPhoneDBcore<=4.1,WNT1-FZD6+LRP6,Signaling by WNT,Ligand-Receptor,
WNT1,FZD7;LRP5,<a target='_blank' href='https://www.ncbi.nlm.nih.gov/pubmed/24532711'>24532711</a>,,P04628,FZD7_LRP5,WNT1_HUMAN,,curated,PMID:24532711,True,RVentoTormo,,,,,low affinity interaction,CellPhoneDBcore<=4.1,WNT1-FZD7+LRP5,Signaling by WNT,Ligand-Receptor,
WNT1,FZD7;LRP6,<a target='_blank' href='https://www.ncbi.nlm.nih.gov/pubmed/24532711'>24532711</a>,,P04628,FZD7_LRP6,WNT1_HUMAN,,curated,PMID:24532711,True,RVentoTormo,,,,,low affinity interaction,CellPhoneDBcore<=4.1,WNT1-FZD7+LRP6,Signaling by WNT,Ligand-Receptor,
WNT1,FZD8;LRP5,<a target='_blank' href='https://www.ncbi.nlm.nih.gov/pubmed/24532711'>24532711</a>,,P04628,FZD8_LRP5,WNT1_HUMAN,,curated,PMID:24532711,True,RVentoTormo,,,,,low affinity interaction,CellPhoneDBcore<=4.1,WNT1-FZD8+LRP5,Signaling by WNT,Ligand-Receptor,
WNT1,FZD8;LRP6,<a target='_blank' href='https://www.ncbi.nlm.nih.gov/pubmed/24532711'>24532711</a>,,P04628,FZD8_LRP6,WNT1_HUMAN,,curated,PMID:24532711,True,RVentoTormo,,,,,low affinity interaction,CellPhoneDBcore<=4.1,WNT1-FZD8+LRP6,Signaling by WNT,Ligand-Receptor,
WNT1,FZD9;LRP5,<a target='_blank' href='https://www.ncbi.nlm.nih.gov/pubmed/24532711'>24532711</a>,,P04628,FZD9_LRP5,WNT1_HUMAN,,curated,PMID:24532711,True,RVentoTormo,,,,,low affinity interaction,CellPhoneDBcore<=4.1,WNT1-FZD9+LRP5,Signaling by WNT,Ligand-Receptor,
WNT1,FZD9;LRP6,<a target='_blank' href='https://www.ncbi.nlm.nih.gov/pubmed/24532711'>24532711</a>,,P04628,FZD9_LRP6,WNT1_HUMAN,,curated,PMID:24532711,True,RVentoTormo,,,,,low affinity interaction,CellPhoneDBcore<=4.1,WNT1-FZD9+LRP6,Signaling by WNT,Ligand-Receptor,
WNT1,SFRP1,<a target='_blank' href='https://www.ncbi.nlm.nih.gov/pubmed/12775774'>12775774</a>,,P04628,Q8N474,WNT1_HUMAN,SFRP1_HUMAN,curated,PMID:12775774,True,RVentoTormo,,,,,Inhibition WNT. Soluble proteins,CellPhoneDBcore<=4.1,WNT1-SFRP1,Signaling by WNT inhibition,Ligand-Ligand,Inhibitory
WNT1,SFRP2,<a target='_blank' href='https://www.ncbi.nlm.nih.gov/pubmed/12775774'>12775774</a>,,P04628,Q96HF1,WNT1_HUMAN,SFRP2_HUMAN,curated,PMID:12775774,True,RVentoTormo,,,,,Inhibition WNT. Soluble proteins,CellPhoneDBcore<=4.1,WNT1-SFRP2,Signaling by WNT inhibition,Ligand-Ligand,Inhibitory
WNT1,SFRP4,<a target='_blank' href='https://www.ncbi.nlm.nih.gov/pubmed/12775774'>12775774</a>,,P04628,Q6FHJ7,WNT1_HUMAN,SFRP4_HUMAN,curated,PMID:12775774,True,RVentoTormo,,,,,Inhibition WNT. Soluble proteins,CellPhoneDBcore<=4.1,WNT1-SFRP4,Signaling by WNT inhibition,Ligand-Ligand,Inhibitory
WNT1,SFRP5,<a target='_blank' href='https://www.ncbi.nlm.nih.gov/pubmed/12775774'>12775774</a>,,P04628,Q5T4F7,WNT1_HUMAN,SFRP5_HUMAN,curated,PMID:12775774,True,RVentoTormo,,,,,Inhibition WNT. Soluble proteins,CellPhoneDBcore<=4.1,WNT1-SFRP5,Signaling by WNT inhibition,Ligand-Ligand,Inhibitory
WNT1,WIF1,<a target='_blank' href='https://www.ncbi.nlm.nih.gov/pubmed/12775774'>12775774</a>,,P04628,Q9Y5W5,WNT1_HUMAN,WIF1_HUMAN,curated,PMID:12775774,True,RVentoTormo,,,,,Inhibition WNT. Soluble proteins,CellPhoneDBcore<=4.1,WNT1-WIF1,Signaling by WNT inhibition,Ligand-Ligand,Inhibitory
WNT11,CER1,<a target='_blank' href='https://www.ncbi.nlm.nih.gov/pubmed/10067895'>10067895</a>,,O96014,O95813,WNT11_HUMAN,CER1_HUMAN,curated,PMID:10067895,True,RVentoTormo,,,,,Inhibition WNT. Soluble proteins,CellPhoneDBcore<=4.1,WNT11-CER1,Signaling by WNT inhibition,Ligand-Ligand,Inhibitory
WNT11,FRZB,<a target='_blank' href='https://www.ncbi.nlm.nih.gov/pubmed/12775774'>12775774</a>,,O96014,Q92765,WNT11_HUMAN,SFRP3_HUMAN,curated,PMID:12775774,True,RVentoTormo,,,,,Inhibition WNT. Soluble proteins,CellPhoneDBcore<=4.1,WNT11-FRZB,Signaling by WNT inhibition,Ligand-Ligand,Inhibitory
WNT11,FZD1;LRP5,<a target='_blank' href='https://www.ncbi.nlm.nih.gov/pubmed/24532711'>24532711</a>,,O96014,FZD1_LRP5,WNT11_HUMAN,,curated,PMID:24532711,True,RVentoTormo,,,,,low affinity interaction,CellPhoneDBcore<=4.1,WNT11-FZD1+LRP5,Signaling by WNT,Ligand-Receptor,
WNT11,FZD1;LRP6,<a target='_blank' href='https://www.ncbi.nlm.nih.gov/pubmed/24532711'>24532711</a>,,O96014,FZD1_LRP6,WNT11_HUMAN,,curated,PMID:24532711,True,RVentoTormo,,,,,low affinity interaction,CellPhoneDBcore<=4.1,WNT11-FZD1+LRP6,Signaling by WNT,Ligand-Receptor,
WNT11,FZD10;LRP5,<a target='_blank' href='https://www.ncbi.nlm.nih.gov/pubmed/24532711'>24532711</a>,,O96014,FZD10_LRP5,WNT11_HUMAN,,curated,PMID:24532711,True,RVentoTormo,,,,,low affinity interaction,CellPhoneDBcore<=4.1,WNT11-FZD10+LRP5,Signaling by WNT,Ligand-Receptor,
WNT11,FZD10;LRP6,<a target='_blank' href='https://www.ncbi.nlm.nih.gov/pubmed/24532711'>24532711</a>,,O96014,FZD10_LRP6,WNT11_HUMAN,,curated,PMID:24532711,True,RVentoTormo,,,,,low affinity interaction,CellPhoneDBcore<=4.1,WNT11-FZD10+LRP6,Signaling by WNT,Ligand-Receptor,
WNT11,FZD2;LRP5,<a target='_blank' href='https://www.ncbi.nlm.nih.gov/pubmed/24532711'>24532711</a>,,O96014,FZD2_LRP5,WNT11_HUMAN,,curated,PMID:24532711,True,RVentoTormo,,,,,low affinity interaction,CellPhoneDBcore<=4.1,WNT11-FZD2+LRP5,Signaling by WNT,Ligand-Receptor,
WNT11,FZD2;LRP6,<a target='_blank' href='https://www.ncbi.nlm.nih.gov/pubmed/24532711'>24532711</a>,,O96014,FZD2_LRP6,WNT11_HUMAN,,curated,PMID:24532711,True,RVentoTormo,,,,,low affinity interaction,CellPhoneDBcore<=4.1,WNT11-FZD2+LRP6,Signaling by WNT,Ligand-Receptor,
WNT11,FZD9;LRP5,<a target='_blank' href='https://www.ncbi.nlm.nih.gov/pubmed/24532711'>24532711</a>,,O96014,FZD3_LRP5,WNT11_HUMAN,,curated,PMID:24532711,True,RVentoTormo,,,,,low affinity interaction,CellPhoneDBcore<=4.1,WNT11-FZD3+LRP5,Signaling by WNT,Ligand-Receptor,
WNT11,FZD9;LRP6,<a target='_blank' href='https://www.ncbi.nlm.nih.gov/pubmed/24532711'>24532711</a>,,O96014,FZD3_LRP6,WNT11_HUMAN,,curated,PMID:24532711,True,RVentoTormo,,,,,low affinity interaction,CellPhoneDBcore<=4.1,WNT11-FZD3+LRP6,Signaling by WNT,Ligand-Receptor,
WNT11,FZD4;LRP5,<a target='_blank' href='https://www.ncbi.nlm.nih.gov/pubmed/24532711'>24532711</a>,,O96014,FZD4_LRP5,WNT11_HUMAN,,curated,PMID:24532711,True,RVentoTormo,,,,,low affinity interaction,CellPhoneDBcore<=4.1,WNT11-FZD4+LRP5,Signaling by WNT,Ligand-Receptor,
WNT11,FZD4;LRP6,<a target='_blank' href='https://www.ncbi.nlm.nih.gov/pubmed/24532711'>24532711</a>,,O96014,FZD4_LRP6,WNT11_HUMAN,,curated,PMID:24532711,True,RVentoTormo,,,,,low affinity interaction,CellPhoneDBcore<=4.1,WNT11-FZD4+LRP6,Signaling by WNT,Ligand-Receptor,
WNT11,FZD5;LRP5,<a target='_blank' href='https://www.ncbi.nlm.nih.gov/pubmed/24532711'>24532711</a>,,O96014,FZD5_LRP5,WNT11_HUMAN,,curated,PMID:24532711,True,RVentoTormo,,,,,low affinity interaction,CellPhoneDBcore<=4.1,WNT11-FZD5+LRP5,Signaling by WNT,Ligand-Receptor,
WNT11,FZD5;LRP6,<a target='_blank' href='https://www.ncbi.nlm.nih.gov/pubmed/24532711'>24532711</a>,,O96014,FZD5_LRP6,WNT11_HUMAN,,curated,PMID:24532711,True,RVentoTormo,,,,,low affinity interaction,CellPhoneDBcore<=4.1,WNT11-FZD5+LRP6,Signaling by WNT,Ligand-Receptor,
WNT11,FZD6;LRP5,<a target='_blank' href='https://www.ncbi.nlm.nih.gov/pubmed/24532711'>24532711</a>,,O96014,FZD6_LRP5,WNT11_HUMAN,,curated,PMID:24532711,True,RVentoTormo,,,,,low affinity interaction,CellPhoneDBcore<=4.1,WNT11-FZD6+LRP5,Signaling by WNT,Ligand-Receptor,
WNT11,FZD6;LRP6,<a target='_blank' href='https://www.ncbi.nlm.nih.gov/pubmed/24532711'>24532711</a>,,O96014,FZD6_LRP6,WNT11_HUMAN,,curated,PMID:24532711,True,RVentoTormo,,,,,low affinity interaction,CellPhoneDBcore<=4.1,WNT11-FZD6+LRP6,Signaling by WNT,Ligand-Receptor,
WNT11,FZD7;LRP5,<a target='_blank' href='https://www.ncbi.nlm.nih.gov/pubmed/24532711'>24532711</a>,,O96014,FZD7_LRP5,WNT11_HUMAN,,curated,PMID:24532711,True,RVentoTormo,,,,,low affinity interaction,CellPhoneDBcore<=4.1,WNT11-FZD7+LRP5,Signaling by WNT,Ligand-Receptor,
WNT11,FZD7;LRP6,<a target='_blank' href='https://www.ncbi.nlm.nih.gov/pubmed/24532711'>24532711</a>,,O96014,FZD7_LRP6,WNT11_HUMAN,,curated,PMID:24532711,True,RVentoTormo,,,,,low affinity interaction,CellPhoneDBcore<=4.1,WNT11-FZD7+LRP6,Signaling by WNT,Ligand-Receptor,
WNT11,FZD8;LRP5,<a target='_blank' href='https://www.ncbi.nlm.nih.gov/pubmed/24532711'>24532711</a>,,O96014,FZD8_LRP5,WNT11_HUMAN,,curated,PMID:24532711,True,RVentoTormo,,,,,low affinity interaction,CellPhoneDBcore<=4.1,WNT11-FZD8+LRP5,Signaling by WNT,Ligand-Receptor,
WNT11,FZD8;LRP6,<a target='_blank' href='https://www.ncbi.nlm.nih.gov/pubmed/24532711'>24532711</a>,,O96014,FZD8_LRP6,WNT11_HUMAN,,curated,PMID:24532711,True,RVentoTormo,,,,,low affinity interaction,CellPhoneDBcore<=4.1,WNT11-FZD8+LRP6,Signaling by WNT,Ligand-Receptor,
WNT11,FZD9;LRP5,<a target='_blank' href='https://www.ncbi.nlm.nih.gov/pubmed/24532711'>24532711</a>,,O96014,FZD9_LRP5,WNT11_HUMAN,,curated,PMID:24532711,True,RVentoTormo,,,,,low affinity interaction,CellPhoneDBcore<=4.1,WNT11-FZD9+LRP5,Signaling by WNT,Ligand-Receptor,
WNT11,FZD9;LRP6,<a target='_blank' href='https://www.ncbi.nlm.nih.gov/pubmed/24532711'>24532711</a>,,O96014,FZD9_LRP6,WNT11_HUMAN,,curated,PMID:24532711,True,RVentoTormo,,,,,low affinity interaction,CellPhoneDBcore<=4.1,WNT11-FZD9+LRP6,Signaling by WNT,Ligand-Receptor,
WNT11,SFRP1,<a target='_blank' href='https://www.ncbi.nlm.nih.gov/pubmed/12775774'>12775774</a>,,O96014,Q8N474,WNT11_HUMAN,SFRP1_HUMAN,curated,PMID:12775774,True,RVentoTormo,,,,,Inhibition WNT. Soluble proteins,CellPhoneDBcore<=4.1,WNT11-SFRP1,Signaling by WNT inhibition,Ligand-Ligand,Inhibitory
WNT11,SFRP2,<a target='_blank' href='https://www.ncbi.nlm.nih.gov/pubmed/12775774'>12775774</a>,,O96014,Q96HF1,WNT11_HUMAN,SFRP2_HUMAN,curated,PMID:12775774,True,RVentoTormo,,,,,Inhibition WNT. Soluble proteins,CellPhoneDBcore<=4.1,WNT11-SFRP2,Signaling by WNT inhibition,Ligand-Ligand,Inhibitory
WNT11,SFRP4,<a target='_blank' href='https://www.ncbi.nlm.nih.gov/pubmed/12775774'>12775774</a>,,O96014,Q6FHJ7,WNT11_HUMAN,SFRP4_HUMAN,curated,PMID:12775774,True,RVentoTormo,,,,,Inhibition WNT. Soluble proteins,CellPhoneDBcore<=4.1,WNT11-SFRP4,Signaling by WNT inhibition,Ligand-Ligand,Inhibitory
WNT11,SFRP5,<a target='_blank' href='https://www.ncbi.nlm.nih.gov/pubmed/12775774'>12775774</a>,,O96014,Q5T4F7,WNT11_HUMAN,SFRP5_HUMAN,curated,PMID:12775774,True,RVentoTormo,,,,,Inhibition WNT. Soluble proteins,CellPhoneDBcore<=4.1,WNT11-SFRP5,Signaling by WNT inhibition,Ligand-Ligand,Inhibitory
WNT11,WIF1,<a target='_blank' href='https://www.ncbi.nlm.nih.gov/pubmed/12775774'>12775774</a>,,O96014,Q9Y5W5,WNT11_HUMAN,WIF1_HUMAN,curated,PMID:12775774,True,RVentoTormo,,,,,Inhibition WNT. Soluble proteins,CellPhoneDBcore<=4.1,WNT11-WIF1,Signaling by WNT inhibition,Ligand-Ligand,Inhibitory
WNT16,CER1,<a target='_blank' href='https://www.ncbi.nlm.nih.gov/pubmed/10067895'>10067895</a>,,Q9UBV4,O95813,WNT16_HUMAN,CER1_HUMAN,curated,PMID:10067895,True,RVentoTormo,,,,,Inhibition WNT. Soluble proteins,CellPhoneDBcore<=4.1,WNT16-CER1,Signaling by WNT inhibition,Ligand-Ligand,Inhibitory
WNT16,FRZB,<a target='_blank' href='https://www.ncbi.nlm.nih.gov/pubmed/12775774'>12775774</a>,,Q9UBV4,Q92765,WNT16_HUMAN,SFRP3_HUMAN,curated,PMID:12775774,True,RVentoTormo,,,,,Inhibition WNT. Soluble proteins,CellPhoneDBcore<=4.1,WNT16-FRZB,Signaling by WNT inhibition,Ligand-Ligand,Inhibitory
WNT16,FZD1;LRP5,<a target='_blank' href='https://www.ncbi.nlm.nih.gov/pubmed/24532711'>24532711</a>,,Q9UBV4,FZD1_LRP5,WNT16_HUMAN,,curated,PMID:24532711,True,RVentoTormo,,,,,low affinity interaction,CellPhoneDBcore<=4.1,WNT16-FZD1+LRP5,Signaling by WNT,Ligand-Receptor,
WNT16,FZD1;LRP6,<a target='_blank' href='https://www.ncbi.nlm.nih.gov/pubmed/24532711'>24532711</a>,,Q9UBV4,FZD1_LRP6,WNT16_HUMAN,,curated,PMID:24532711,True,RVentoTormo,,,,,low affinity interaction,CellPhoneDBcore<=4.1,WNT16-FZD1+LRP6,Signaling by WNT,Ligand-Receptor,
WNT16,FZD10;LRP5,<a target='_blank' href='https://www.ncbi.nlm.nih.gov/pubmed/24532711'>24532711</a>,,Q9UBV4,FZD10_LRP5,WNT16_HUMAN,,curated,PMID:24532711,True,RVentoTormo,,,,,low affinity interaction,CellPhoneDBcore<=4.1,WNT16-FZD10+LRP5,Signaling by WNT,Ligand-Receptor,
WNT16,FZD10;LRP6,<a target='_blank' href='https://www.ncbi.nlm.nih.gov/pubmed/24532711'>24532711</a>,,Q9UBV4,FZD10_LRP6,WNT16_HUMAN,,curated,PMID:24532711,True,RVentoTormo,,,,,low affinity interaction,CellPhoneDBcore<=4.1,WNT16-FZD10+LRP6,Signaling by WNT,Ligand-Receptor,
WNT16,FZD2;LRP5,<a target='_blank' href='https://www.ncbi.nlm.nih.gov/pubmed/24532711'>24532711</a>,,Q9UBV4,FZD2_LRP5,WNT16_HUMAN,,curated,PMID:24532711,True,RVentoTormo,,,,,low affinity interaction,CellPhoneDBcore<=4.1,WNT16-FZD2+LRP5,Signaling by WNT,Ligand-Receptor,
WNT16,FZD2;LRP6,<a target='_blank' href='https://www.ncbi.nlm.nih.gov/pubmed/24532711'>24532711</a>,,Q9UBV4,FZD2_LRP6,WNT16_HUMAN,,curated,PMID:24532711,True,RVentoTormo,,,,,low affinity interaction,CellPhoneDBcore<=4.1,WNT16-FZD2+LRP6,Signaling by WNT,Ligand-Receptor,
WNT16,FZD9;LRP5,<a target='_blank' href='https://www.ncbi.nlm.nih.gov/pubmed/24532711'>24532711</a>,,Q9UBV4,FZD3_LRP5,WNT16_HUMAN,,curated,PMID:24532711,True,RVentoTormo,,,,,low affinity interaction,CellPhoneDBcore<=4.1,WNT16-FZD3+LRP5,Signaling by WNT,Ligand-Receptor,
WNT16,FZD9;LRP6,<a target='_blank' href='https://www.ncbi.nlm.nih.gov/pubmed/24532711'>24532711</a>,,Q9UBV4,FZD3_LRP6,WNT16_HUMAN,,curated,PMID:24532711,True,RVentoTormo,,,,,low affinity interaction,CellPhoneDBcore<=4.1,WNT16-FZD3+LRP6,Signaling by WNT,Ligand-Receptor,
WNT16,FZD4;LRP5,<a target='_blank' href='https://www.ncbi.nlm.nih.gov/pubmed/24532711'>24532711</a>,,Q9UBV4,FZD4_LRP5,WNT16_HUMAN,,curated,PMID:24532711,True,RVentoTormo,,,,,low affinity interaction,CellPhoneDBcore<=4.1,WNT16-FZD4+LRP5,Signaling by WNT,Ligand-Receptor,
WNT16,FZD4;LRP6,<a target='_blank' href='https://www.ncbi.nlm.nih.gov/pubmed/24532711'>24532711</a>,,Q9UBV4,FZD4_LRP6,WNT16_HUMAN,,curated,PMID:24532711,True,RVentoTormo,,,,,low affinity interaction,CellPhoneDBcore<=4.1,WNT16-FZD4+LRP6,Signaling by WNT,Ligand-Receptor,
WNT16,FZD5;LRP5,<a target='_blank' href='https://www.ncbi.nlm.nih.gov/pubmed/24532711'>24532711</a>,,Q9UBV4,FZD5_LRP5,WNT16_HUMAN,,curated,PMID:24532711,True,RVentoTormo,,,,,low affinity interaction,CellPhoneDBcore<=4.1,WNT16-FZD5+LRP5,Signaling by WNT,Ligand-Receptor,
WNT16,FZD5;LRP6,<a target='_blank' href='https://www.ncbi.nlm.nih.gov/pubmed/24532711'>24532711</a>,,Q9UBV4,FZD5_LRP6,WNT16_HUMAN,,curated,PMID:24532711,True,RVentoTormo,,,,,low affinity interaction,CellPhoneDBcore<=4.1,WNT16-FZD5+LRP6,Signaling by WNT,Ligand-Receptor,
WNT16,FZD6;LRP5,<a target='_blank' href='https://www.ncbi.nlm.nih.gov/pubmed/24532711'>24532711</a>,,Q9UBV4,FZD6_LRP5,WNT16_HUMAN,,curated,PMID:24532711,True,RVentoTormo,,,,,low affinity interaction,CellPhoneDBcore<=4.1,WNT16-FZD6+LRP5,Signaling by WNT,Ligand-Receptor,
WNT16,FZD6;LRP6,<a target='_blank' href='https://www.ncbi.nlm.nih.gov/pubmed/24532711'>24532711</a>,,Q9UBV4,FZD6_LRP6,WNT16_HUMAN,,curated,PMID:24532711,True,RVentoTormo,,,,,low affinity interaction,CellPhoneDBcore<=4.1,WNT16-FZD6+LRP6,Signaling by WNT,Ligand-Receptor,
WNT16,FZD7;LRP5,<a target='_blank' href='https://www.ncbi.nlm.nih.gov/pubmed/24532711'>24532711</a>,,Q9UBV4,FZD7_LRP5,WNT16_HUMAN,,curated,PMID:24532711,True,RVentoTormo,,,,,low affinity interaction,CellPhoneDBcore<=4.1,WNT16-FZD7+LRP5,Signaling by WNT,Ligand-Receptor,
WNT16,FZD7;LRP6,<a target='_blank' href='https://www.ncbi.nlm.nih.gov/pubmed/24532711'>24532711</a>,,Q9UBV4,FZD7_LRP6,WNT16_HUMAN,,curated,PMID:24532711,True,RVentoTormo,,,,,low affinity interaction,CellPhoneDBcore<=4.1,WNT16-FZD7+LRP6,Signaling by WNT,Ligand-Receptor,
WNT16,FZD8;LRP5,<a target='_blank' href='https://www.ncbi.nlm.nih.gov/pubmed/24532711'>24532711</a>,,Q9UBV4,FZD8_LRP5,WNT16_HUMAN,,curated,PMID:24532711,True,RVentoTormo,,,,,low affinity interaction,CellPhoneDBcore<=4.1,WNT16-FZD8+LRP5,Signaling by WNT,Ligand-Receptor,
WNT16,FZD8;LRP6,<a target='_blank' href='https://www.ncbi.nlm.nih.gov/pubmed/24532711'>24532711</a>,,Q9UBV4,FZD8_LRP6,WNT16_HUMAN,,curated,PMID:24532711,True,RVentoTormo,,,,,low affinity interaction,CellPhoneDBcore<=4.1,WNT16-FZD8+LRP6,Signaling by WNT,Ligand-Receptor,
WNT16,FZD9;LRP5,<a target='_blank' href='https://www.ncbi.nlm.nih.gov/pubmed/24532711'>24532711</a>,,Q9UBV4,FZD9_LRP5,WNT16_HUMAN,,curated,PMID:24532711,True,RVentoTormo,,,,,low affinity interaction,CellPhoneDBcore<=4.1,WNT16-FZD9+LRP5,Signaling by WNT,Ligand-Receptor,
WNT16,FZD9;LRP6,<a target='_blank' href='https://www.ncbi.nlm.nih.gov/pubmed/24532711'>24532711</a>,,Q9UBV4,FZD9_LRP6,WNT16_HUMAN,,curated,PMID:24532711,True,RVentoTormo,,,,,low affinity interaction,CellPhoneDBcore<=4.1,WNT16-FZD9+LRP6,Signaling by WNT,Ligand-Receptor,
WNT16,SFRP1,<a target='_blank' href='https://www.ncbi.nlm.nih.gov/pubmed/12775774'>12775774</a>,,Q9UBV4,Q8N474,WNT16_HUMAN,SFRP1_HUMAN,curated,PMID:12775774,True,RVentoTormo,,,,,Inhibition WNT. Soluble proteins,CellPhoneDBcore<=4.1,WNT16-SFRP1,Signaling by WNT inhibition,Ligand-Ligand,Inhibitory
WNT16,SFRP2,<a target='_blank' href='https://www.ncbi.nlm.nih.gov/pubmed/12775774'>12775774</a>,,Q9UBV4,Q96HF1,WNT16_HUMAN,SFRP2_HUMAN,curated,PMID:12775774,True,RVentoTormo,,,,,Inhibition WNT. Soluble proteins,CellPhoneDBcore<=4.1,WNT16-SFRP2,Signaling by WNT inhibition,Ligand-Ligand,Inhibitory
WNT16,SFRP4,<a target='_blank' href='https://www.ncbi.nlm.nih.gov/pubmed/12775774'>12775774</a>,,Q9UBV4,Q6FHJ7,WNT16_HUMAN,SFRP4_HUMAN,curated,PMID:12775774,True,RVentoTormo,,,,,Inhibition WNT. Soluble proteins,CellPhoneDBcore<=4.1,WNT16-SFRP4,Signaling by WNT inhibition,Ligand-Ligand,Inhibitory
WNT16,SFRP5,<a target='_blank' href='https://www.ncbi.nlm.nih.gov/pubmed/12775774'>12775774</a>,,Q9UBV4,Q5T4F7,WNT16_HUMAN,SFRP5_HUMAN,curated,PMID:12775774,True,RVentoTormo,,,,,Inhibition WNT. Soluble proteins,CellPhoneDBcore<=4.1,WNT16-SFRP5,Signaling by WNT inhibition,Ligand-Ligand,Inhibitory
WNT16,WIF1,<a target='_blank' href='https://www.ncbi.nlm.nih.gov/pubmed/12775774'>12775774</a>,,Q9UBV4,Q9Y5W5,WNT16_HUMAN,WIF1_HUMAN,curated,PMID:12775774,True,RVentoTormo,,,,,Inhibition WNT. Soluble proteins,CellPhoneDBcore<=4.1,WNT16-WIF1,Signaling by WNT inhibition,Ligand-Ligand,Inhibitory
WNT2,CER1,<a target='_blank' href='https://www.ncbi.nlm.nih.gov/pubmed/10067895'>10067895</a>,,P09544,O95813,WNT2_HUMAN,CER1_HUMAN,curated,PMID:10067895,True,RVentoTormo,,,,,Inhibition WNT. Soluble proteins,CellPhoneDBcore<=4.1,WNT2-CER1,Signaling by WNT inhibition,Ligand-Ligand,Inhibitory
WNT2,FRZB,<a target='_blank' href='https://www.ncbi.nlm.nih.gov/pubmed/12775774'>12775774</a>,,P09544,Q92765,WNT2_HUMAN,SFRP3_HUMAN,curated,PMID:12775774,True,RVentoTormo,,,,,Inhibition WNT. Soluble proteins,CellPhoneDBcore<=4.1,WNT2-FRZB,Signaling by WNT inhibition,Ligand-Ligand,Inhibitory
WNT2,FZD1;LRP5,<a target='_blank' href='https://www.ncbi.nlm.nih.gov/pubmed/24532711'>24532711</a>,,P09544,FZD1_LRP5,WNT2_HUMAN,,curated,PMID:24532711,True,RVentoTormo,,,,,low affinity interaction,CellPhoneDBcore<=4.1,WNT2-FZD1+LRP5,Signaling by WNT,Ligand-Receptor,
WNT2,FZD1;LRP6,<a target='_blank' href='https://www.ncbi.nlm.nih.gov/pubmed/24532711'>24532711</a>,,P09544,FZD1_LRP6,WNT2_HUMAN,,curated,PMID:24532711,True,RVentoTormo,,,,,low affinity interaction,CellPhoneDBcore<=4.1,WNT2-FZD1+LRP6,Signaling by WNT,Ligand-Receptor,
WNT2,FZD10;LRP5,<a target='_blank' href='https://www.ncbi.nlm.nih.gov/pubmed/24532711'>24532711</a>,,P09544,FZD10_LRP5,WNT2_HUMAN,,curated,PMID:24532711,True,RVentoTormo,,,,,low affinity interaction,CellPhoneDBcore<=4.1,WNT2-FZD10+LRP5,Signaling by WNT,Ligand-Receptor,
WNT2,FZD10;LRP6,<a target='_blank' href='https://www.ncbi.nlm.nih.gov/pubmed/24532711'>24532711</a>,,P09544,FZD10_LRP6,WNT2_HUMAN,,curated,PMID:24532711,True,RVentoTormo,,,,,low affinity interaction,CellPhoneDBcore<=4.1,WNT2-FZD10+LRP6,Signaling by WNT,Ligand-Receptor,
WNT2,FZD2;LRP5,<a target='_blank' href='https://www.ncbi.nlm.nih.gov/pubmed/24032637'>24032637</a>,,P09544,FZD2_LRP5,WNT2_HUMAN,,curated,PMID:24032637,True,RVentoTormo,,,,,high affinity interaction,CellPhoneDBcore<=4.1,WNT2-FZD2+LRP5,Signaling by WNT,Ligand-Receptor,
WNT2,FZD2;LRP6,<a target='_blank' href='https://www.ncbi.nlm.nih.gov/pubmed/24032637'>24032637</a>,,P09544,FZD2_LRP6,WNT2_HUMAN,,curated,PMID:24032637,True,RVentoTormo,,,,,high affinity interaction,CellPhoneDBcore<=4.1,WNT2-FZD2+LRP6,Signaling by WNT,Ligand-Receptor,
WNT2,FZD9;LRP5,<a target='_blank' href='https://www.ncbi.nlm.nih.gov/pubmed/24032637'>24032637</a>,,P09544,FZD3_LRP5,WNT2_HUMAN,,curated,PMID:24032637,True,RVentoTormo,,,,,high affinity interaction,CellPhoneDBcore<=4.1,WNT2-FZD3+LRP5,Signaling by WNT,Ligand-Receptor,
WNT2,FZD9;LRP6,<a target='_blank' href='https://www.ncbi.nlm.nih.gov/pubmed/24032637'>24032637</a>,,P09544,FZD3_LRP6,WNT2_HUMAN,,curated,PMID:24032637,True,RVentoTormo,,,,,high affinity interaction,CellPhoneDBcore<=4.1,WNT2-FZD3+LRP6,Signaling by WNT,Ligand-Receptor,
WNT2,FZD4;LRP5,<a target='_blank' href='https://www.ncbi.nlm.nih.gov/pubmed/24032637'>24032637</a>,,P09544,FZD4_LRP5,WNT2_HUMAN,,curated,PMID:24032637,True,RVentoTormo,,,,,high affinity interaction,CellPhoneDBcore<=4.1,WNT2-FZD4+LRP5,Signaling by WNT,Ligand-Receptor,
WNT2,FZD4;LRP6,<a target='_blank' href='https://www.ncbi.nlm.nih.gov/pubmed/24032637'>24032637</a>,,P09544,FZD4_LRP6,WNT2_HUMAN,,curated,PMID:24032637,True,RVentoTormo,,,,,high affinity interaction,CellPhoneDBcore<=4.1,WNT2-FZD4+LRP6,Signaling by WNT,Ligand-Receptor,
WNT2,FZD5;LRP5,<a target='_blank' href='https://www.ncbi.nlm.nih.gov/pubmed/24532711'>24532711</a>,,P09544,FZD5_LRP5,WNT2_HUMAN,,curated,PMID:24532711,True,RVentoTormo,,,,,low affinity interaction,CellPhoneDBcore<=4.1,WNT2-FZD5+LRP5,Signaling by WNT,Ligand-Receptor,
WNT2,FZD5;LRP6,<a target='_blank' href='https://www.ncbi.nlm.nih.gov/pubmed/24532711'>24532711</a>,,P09544,FZD5_LRP6,WNT2_HUMAN,,curated,PMID:24532711,True,RVentoTormo,,,,,low affinity interaction,CellPhoneDBcore<=4.1,WNT2-FZD5+LRP6,Signaling by WNT,Ligand-Receptor,
WNT2,FZD6;LRP5,<a target='_blank' href='https://www.ncbi.nlm.nih.gov/pubmed/24532711'>24532711</a>,,P09544,FZD6_LRP5,WNT2_HUMAN,,curated,PMID:24532711,True,RVentoTormo,,,,,low affinity interaction,CellPhoneDBcore<=4.1,WNT2-FZD6+LRP5,Signaling by WNT,Ligand-Receptor,
WNT2,FZD6;LRP6,<a target='_blank' href='https://www.ncbi.nlm.nih.gov/pubmed/24532711'>24532711</a>,,P09544,FZD6_LRP6,WNT2_HUMAN,,curated,PMID:24532711,True,RVentoTormo,,,,,low affinity interaction,CellPhoneDBcore<=4.1,WNT2-FZD6+LRP6,Signaling by WNT,Ligand-Receptor,
WNT2,FZD7;LRP5,<a target='_blank' href='https://www.ncbi.nlm.nih.gov/pubmed/24532711'>24532711</a>,,P09544,FZD7_LRP5,WNT2_HUMAN,,curated,PMID:24532711,True,RVentoTormo,,,,,low affinity interaction,CellPhoneDBcore<=4.1,WNT2-FZD7+LRP5,Signaling by WNT,Ligand-Receptor,
WNT2,FZD7;LRP6,<a target='_blank' href='https://www.ncbi.nlm.nih.gov/pubmed/24532711'>24532711</a>,,P09544,FZD7_LRP6,WNT2_HUMAN,,curated,PMID:24532711,True,RVentoTormo,,,,,low affinity interaction,CellPhoneDBcore<=4.1,WNT2-FZD7+LRP6,Signaling by WNT,Ligand-Receptor,
WNT2,FZD8;LRP5,<a target='_blank' href='https://www.ncbi.nlm.nih.gov/pubmed/24532711'>24532711</a>,,P09544,FZD8_LRP5,WNT2_HUMAN,,curated,PMID:24532711,True,RVentoTormo,,,,,low affinity interaction,CellPhoneDBcore<=4.1,WNT2-FZD8+LRP5,Signaling by WNT,Ligand-Receptor,
WNT2,FZD8;LRP6,<a target='_blank' href='https://www.ncbi.nlm.nih.gov/pubmed/24532711'>24532711</a>,,P09544,FZD8_LRP6,WNT2_HUMAN,,curated,PMID:24532711,True,RVentoTormo,,,,,low affinity interaction,CellPhoneDBcore<=4.1,WNT2-FZD8+LRP6,Signaling by WNT,Ligand-Receptor,
WNT2,FZD9;LRP5,<a target='_blank' href='https://www.ncbi.nlm.nih.gov/pubmed/24532711'>24532711</a>,,P09544,FZD9_LRP5,WNT2_HUMAN,,curated,PMID:24532711,True,RVentoTormo,,,,,low affinity interaction,CellPhoneDBcore<=4.1,WNT2-FZD9+LRP5,Signaling by WNT,Ligand-Receptor,
WNT2,FZD9;LRP6,<a target='_blank' href='https://www.ncbi.nlm.nih.gov/pubmed/24532711'>24532711</a>,,P09544,FZD9_LRP6,WNT2_HUMAN,,curated,PMID:24532711,True,RVentoTormo,,,,,low affinity interaction,CellPhoneDBcore<=4.1,WNT2-FZD9+LRP6,Signaling by WNT,Ligand-Receptor,
WNT2,SFRP1,<a target='_blank' href='https://www.ncbi.nlm.nih.gov/pubmed/12775774'>12775774</a>,,P09544,Q8N474,WNT2_HUMAN,SFRP1_HUMAN,curated,PMID:12775774,True,RVentoTormo,,,,,Inhibition WNT. Soluble proteins,CellPhoneDBcore<=4.1,WNT2-SFRP1,Signaling by WNT inhibition,Ligand-Ligand,Inhibitory
WNT2,SFRP2,<a target='_blank' href='https://www.ncbi.nlm.nih.gov/pubmed/12775774'>12775774</a>,,P09544,Q96HF1,WNT2_HUMAN,SFRP2_HUMAN,curated,PMID:12775774,True,RVentoTormo,,,,,Inhibition WNT. Soluble proteins,CellPhoneDBcore<=4.1,WNT2-SFRP2,Signaling by WNT inhibition,Ligand-Ligand,Inhibitory
WNT2,SFRP4,<a target='_blank' href='https://www.ncbi.nlm.nih.gov/pubmed/12775774'>12775774</a>,,P09544,Q6FHJ7,WNT2_HUMAN,SFRP4_HUMAN,curated,PMID:12775774,True,RVentoTormo,,,,,Inhibition WNT. Soluble proteins,CellPhoneDBcore<=4.1,WNT2-SFRP4,Signaling by WNT inhibition,Ligand-Ligand,Inhibitory
WNT2,SFRP5,<a target='_blank' href='https://www.ncbi.nlm.nih.gov/pubmed/12775774'>12775774</a>,,P09544,Q5T4F7,WNT2_HUMAN,SFRP5_HUMAN,curated,PMID:12775774,True,RVentoTormo,,,,,Inhibition WNT. Soluble proteins,CellPhoneDBcore<=4.1,WNT2-SFRP5,Signaling by WNT inhibition,Ligand-Ligand,Inhibitory
WNT2,WIF1,<a target='_blank' href='https://www.ncbi.nlm.nih.gov/pubmed/12775774'>12775774</a>,,P09544,Q9Y5W5,WNT2_HUMAN,WIF1_HUMAN,curated,PMID:12775774,True,RVentoTormo,,,,,Inhibition WNT. Soluble proteins,CellPhoneDBcore<=4.1,WNT2-WIF1,Signaling by WNT inhibition,Ligand-Ligand,Inhibitory
WNT2B,CER1,<a target='_blank' href='https://www.ncbi.nlm.nih.gov/pubmed/10067895'>10067895</a>,,Q93097,O95813,WNT2B_HUMAN,CER1_HUMAN,curated,PMID:10067895,True,RVentoTormo,,,,,Inhibition WNT. Soluble proteins,CellPhoneDBcore<=4.1,WNT2B-CER1,Signaling by WNT inhibition,Ligand-Ligand,Inhibitory
WNT2B,FRZB,<a target='_blank' href='https://www.ncbi.nlm.nih.gov/pubmed/12775774'>12775774</a>,,Q93097,Q92765,WNT2B_HUMAN,SFRP3_HUMAN,curated,PMID:12775774,True,RVentoTormo,,,,,Inhibition WNT. Soluble proteins,CellPhoneDBcore<=4.1,WNT2B-FRZB,Signaling by WNT inhibition,Ligand-Ligand,Inhibitory
WNT2B,FZD1;LRP5,<a target='_blank' href='https://www.ncbi.nlm.nih.gov/pubmed/24532711'>24532711</a>,,Q93097,FZD1_LRP5,WNT2B_HUMAN,,curated,PMID:24532711,True,RVentoTormo,,,,,low affinity interaction,CellPhoneDBcore<=4.1,WNT2B-FZD1+LRP5,Signaling by WNT,Ligand-Receptor,
WNT2B,FZD1;LRP6,<a target='_blank' href='https://www.ncbi.nlm.nih.gov/pubmed/24532711'>24532711</a>,,Q93097,FZD1_LRP6,WNT2B_HUMAN,,curated,PMID:24532711,True,RVentoTormo,,,,,low affinity interaction,CellPhoneDBcore<=4.1,WNT2B-FZD1+LRP6,Signaling by WNT,Ligand-Receptor,
WNT2B,FZD10;LRP5,<a target='_blank' href='https://www.ncbi.nlm.nih.gov/pubmed/24532711'>24532711</a>,,Q93097,FZD10_LRP5,WNT2B_HUMAN,,curated,PMID:24532711,True,RVentoTormo,,,,,low affinity interaction,CellPhoneDBcore<=4.1,WNT2B-FZD10+LRP5,Signaling by WNT,Ligand-Receptor,
WNT2B,FZD10;LRP6,<a target='_blank' href='https://www.ncbi.nlm.nih.gov/pubmed/24532711'>24532711</a>,,Q93097,FZD10_LRP6,WNT2B_HUMAN,,curated,PMID:24532711,True,RVentoTormo,,,,,low affinity interaction,CellPhoneDBcore<=4.1,WNT2B-FZD10+LRP6,Signaling by WNT,Ligand-Receptor,
WNT2B,FZD2;LRP5,<a target='_blank' href='https://www.ncbi.nlm.nih.gov/pubmed/24532711'>24532711</a>,,Q93097,FZD2_LRP5,WNT2B_HUMAN,,curated,PMID:24532711,True,RVentoTormo,,,,,low affinity interaction,CellPhoneDBcore<=4.1,WNT2B-FZD2+LRP5,Signaling by WNT,Ligand-Receptor,
WNT2B,FZD2;LRP6,<a target='_blank' href='https://www.ncbi.nlm.nih.gov/pubmed/24532711'>24532711</a>,,Q93097,FZD2_LRP6,WNT2B_HUMAN,,curated,PMID:24532711,True,RVentoTormo,,,,,low affinity interaction,CellPhoneDBcore<=4.1,WNT2B-FZD2+LRP6,Signaling by WNT,Ligand-Receptor,
WNT2B,FZD9;LRP5,<a target='_blank' href='https://www.ncbi.nlm.nih.gov/pubmed/24532711'>24532711</a>,,Q93097,FZD3_LRP5,WNT2B_HUMAN,,curated,PMID:24532711,True,RVentoTormo,,,,,low affinity interaction,CellPhoneDBcore<=4.1,WNT2B-FZD3+LRP5,Signaling by WNT,Ligand-Receptor,
WNT2B,FZD9;LRP6,<a target='_blank' href='https://www.ncbi.nlm.nih.gov/pubmed/24532711'>24532711</a>,,Q93097,FZD3_LRP6,WNT2B_HUMAN,,curated,PMID:24532711,True,RVentoTormo,,,,,low affinity interaction,CellPhoneDBcore<=4.1,WNT2B-FZD3+LRP6,Signaling by WNT,Ligand-Receptor,
WNT2B,FZD4;LRP5,<a target='_blank' href='https://www.ncbi.nlm.nih.gov/pubmed/24032637'>24032637</a>,,Q93097,FZD4_LRP5,WNT2B_HUMAN,,curated,PMID:24032637,True,RVentoTormo,,,,,high affinity interaction,CellPhoneDBcore<=4.1,WNT2B-FZD4+LRP5,Signaling by WNT,Ligand-Receptor,
WNT2B,FZD4;LRP6,<a target='_blank' href='https://www.ncbi.nlm.nih.gov/pubmed/24032637'>24032637</a>,,Q93097,FZD4_LRP6,WNT2B_HUMAN,,curated,PMID:24032637,True,RVentoTormo,,,,,high affinity interaction,CellPhoneDBcore<=4.1,WNT2B-FZD4+LRP6,Signaling by WNT,Ligand-Receptor,
WNT2B,FZD5;LRP5,<a target='_blank' href='https://www.ncbi.nlm.nih.gov/pubmed/24532711'>24532711</a>,,Q93097,FZD5_LRP5,WNT2B_HUMAN,,curated,PMID:24532711,True,RVentoTormo,,,,,low affinity interaction,CellPhoneDBcore<=4.1,WNT2B-FZD5+LRP5,Signaling by WNT,Ligand-Receptor,
WNT2B,FZD5;LRP6,<a target='_blank' href='https://www.ncbi.nlm.nih.gov/pubmed/24532711'>24532711</a>,,Q93097,FZD5_LRP6,WNT2B_HUMAN,,curated,PMID:24532711,True,RVentoTormo,,,,,low affinity interaction,CellPhoneDBcore<=4.1,WNT2B-FZD5+LRP6,Signaling by WNT,Ligand-Receptor,
WNT2B,FZD6;LRP5,<a target='_blank' href='https://www.ncbi.nlm.nih.gov/pubmed/24532711'>24532711</a>,,Q93097,FZD6_LRP5,WNT2B_HUMAN,,curated,PMID:24532711,True,RVentoTormo,,,,,low affinity interaction,CellPhoneDBcore<=4.1,WNT2B-FZD6+LRP5,Signaling by WNT,Ligand-Receptor,
WNT2B,FZD6;LRP6,<a target='_blank' href='https://www.ncbi.nlm.nih.gov/pubmed/24532711'>24532711</a>,,Q93097,FZD6_LRP6,WNT2B_HUMAN,,curated,PMID:24532711,True,RVentoTormo,,,,,low affinity interaction,CellPhoneDBcore<=4.1,WNT2B-FZD6+LRP6,Signaling by WNT,Ligand-Receptor,
WNT2B,FZD7;LRP5,<a target='_blank' href='https://www.ncbi.nlm.nih.gov/pubmed/24532711'>24532711</a>,,Q93097,FZD7_LRP5,WNT2B_HUMAN,,curated,PMID:24532711,True,RVentoTormo,,,,,low affinity interaction,CellPhoneDBcore<=4.1,WNT2B-FZD7+LRP5,Signaling by WNT,Ligand-Receptor,
WNT2B,FZD7;LRP6,<a target='_blank' href='https://www.ncbi.nlm.nih.gov/pubmed/24532711'>24532711</a>,,Q93097,FZD7_LRP6,WNT2B_HUMAN,,curated,PMID:24532711,True,RVentoTormo,,,,,low affinity interaction,CellPhoneDBcore<=4.1,WNT2B-FZD7+LRP6,Signaling by WNT,Ligand-Receptor,
WNT2B,FZD8;LRP5,<a target='_blank' href='https://www.ncbi.nlm.nih.gov/pubmed/24532711'>24532711</a>,,Q93097,FZD8_LRP5,WNT2B_HUMAN,,curated,PMID:24532711,True,RVentoTormo,,,,,low affinity interaction,CellPhoneDBcore<=4.1,WNT2B-FZD8+LRP5,Signaling by WNT,Ligand-Receptor,
WNT2B,FZD8;LRP6,<a target='_blank' href='https://www.ncbi.nlm.nih.gov/pubmed/24532711'>24532711</a>,,Q93097,FZD8_LRP6,WNT2B_HUMAN,,curated,PMID:24532711,True,RVentoTormo,,,,,low affinity interaction,CellPhoneDBcore<=4.1,WNT2B-FZD8+LRP6,Signaling by WNT,Ligand-Receptor,
WNT2B,FZD9;LRP5,<a target='_blank' href='https://www.ncbi.nlm.nih.gov/pubmed/24532711'>24532711</a>,,Q93097,FZD9_LRP5,WNT2B_HUMAN,,curated,PMID:24532711,True,RVentoTormo,,,,,low affinity interaction,CellPhoneDBcore<=4.1,WNT2B-FZD9+LRP5,Signaling by WNT,Ligand-Receptor,
WNT2B,FZD9;LRP6,<a target='_blank' href='https://www.ncbi.nlm.nih.gov/pubmed/24532711'>24532711</a>,,Q93097,FZD9_LRP6,WNT2B_HUMAN,,curated,PMID:24532711,True,RVentoTormo,,,,,low affinity interaction,CellPhoneDBcore<=4.1,WNT2B-FZD9+LRP6,Signaling by WNT,Ligand-Receptor,
WNT2B,SFRP1,<a target='_blank' href='https://www.ncbi.nlm.nih.gov/pubmed/12775774'>12775774</a>,,Q93097,Q8N474,WNT2B_HUMAN,SFRP1_HUMAN,curated,PMID:12775774,True,RVentoTormo,,,,,Inhibition WNT. Soluble proteins,CellPhoneDBcore<=4.1,WNT2B-SFRP1,Signaling by WNT inhibition,Ligand-Ligand,Inhibitory
WNT2B,SFRP2,<a target='_blank' href='https://www.ncbi.nlm.nih.gov/pubmed/12775774'>12775774</a>,,Q93097,Q96HF1,WNT2B_HUMAN,SFRP2_HUMAN,curated,PMID:12775774,True,RVentoTormo,,,,,Inhibition WNT. Soluble proteins,CellPhoneDBcore<=4.1,WNT2B-SFRP2,Signaling by WNT inhibition,Ligand-Ligand,Inhibitory
WNT2B,SFRP4,<a target='_blank' href='https://www.ncbi.nlm.nih.gov/pubmed/12775774'>12775774</a>,,Q93097,Q6FHJ7,WNT2B_HUMAN,SFRP4_HUMAN,curated,PMID:12775774,True,RVentoTormo,,,,,Inhibition WNT. Soluble proteins,CellPhoneDBcore<=4.1,WNT2B-SFRP4,Signaling by WNT inhibition,Ligand-Ligand,Inhibitory
WNT2B,SFRP5,<a target='_blank' href='https://www.ncbi.nlm.nih.gov/pubmed/12775774'>12775774</a>,,Q93097,Q5T4F7,WNT2B_HUMAN,SFRP5_HUMAN,curated,PMID:12775774,True,RVentoTormo,,,,,Inhibition WNT. Soluble proteins,CellPhoneDBcore<=4.1,WNT2B-SFRP5,Signaling by WNT inhibition,Ligand-Ligand,Inhibitory
WNT2B,WIF1,<a target='_blank' href='https://www.ncbi.nlm.nih.gov/pubmed/12775774'>12775774</a>,,Q93097,Q9Y5W5,WNT2B_HUMAN,WIF1_HUMAN,curated,PMID:12775774,True,RVentoTormo,,,,,Inhibition WNT. Soluble proteins,CellPhoneDBcore<=4.1,WNT2B-WIF1,Signaling by WNT inhibition,Ligand-Ligand,Inhibitory
WNT3,CER1,<a target='_blank' href='https://www.ncbi.nlm.nih.gov/pubmed/10067895'>10067895</a>,,P56703,O95813,WNT3_HUMAN,CER1_HUMAN,curated,PMID:10067895,True,RVentoTormo,,,,,Inhibition WNT. Soluble proteins,CellPhoneDBcore<=4.1,WNT3-CER1,Signaling by WNT inhibition,Ligand-Ligand,Inhibitory
WNT3,FRZB,<a target='_blank' href='https://www.ncbi.nlm.nih.gov/pubmed/12775774'>12775774</a>,,P56703,Q92765,WNT3_HUMAN,SFRP3_HUMAN,curated,PMID:12775774,True,RVentoTormo,,,,,Inhibition WNT. Soluble proteins,CellPhoneDBcore<=4.1,WNT3-FRZB,Signaling by WNT inhibition,Ligand-Ligand,Inhibitory
WNT3,FZD1;LRP5,<a target='_blank' href='https://www.ncbi.nlm.nih.gov/pubmed/24532711'>24532711</a>,,P56703,FZD1_LRP5,WNT3_HUMAN,,curated,PMID:24532711,True,RVentoTormo,,,,,low affinity interaction,CellPhoneDBcore<=4.1,WNT3-FZD1+LRP5,Signaling by WNT,Ligand-Receptor,
WNT3,FZD1;LRP6,<a target='_blank' href='https://www.ncbi.nlm.nih.gov/pubmed/24532711'>24532711</a>,,P56703,FZD1_LRP6,WNT3_HUMAN,,curated,PMID:24532711,True,RVentoTormo,,,,,low affinity interaction,CellPhoneDBcore<=4.1,WNT3-FZD1+LRP6,Signaling by WNT,Ligand-Receptor,
WNT3,FZD10;LRP5,<a target='_blank' href='https://www.ncbi.nlm.nih.gov/pubmed/24532711'>24532711</a>,,P56703,FZD10_LRP5,WNT3_HUMAN,,curated,PMID:24532711,True,RVentoTormo,,,,,low affinity interaction,CellPhoneDBcore<=4.1,WNT3-FZD10+LRP5,Signaling by WNT,Ligand-Receptor,
WNT3,FZD10;LRP6,<a target='_blank' href='https://www.ncbi.nlm.nih.gov/pubmed/24532711'>24532711</a>,,P56703,FZD10_LRP6,WNT3_HUMAN,,curated,PMID:24532711,True,RVentoTormo,,,,,low affinity interaction,CellPhoneDBcore<=4.1,WNT3-FZD10+LRP6,Signaling by WNT,Ligand-Receptor,
WNT3,FZD2;LRP5,<a target='_blank' href='https://www.ncbi.nlm.nih.gov/pubmed/24532711'>24532711</a>,,P56703,FZD2_LRP5,WNT3_HUMAN,,curated,PMID:24532711,True,RVentoTormo,,,,,low affinity interaction,CellPhoneDBcore<=4.1,WNT3-FZD2+LRP5,Signaling by WNT,Ligand-Receptor,
WNT3,FZD2;LRP6,<a target='_blank' href='https://www.ncbi.nlm.nih.gov/pubmed/24532711'>24532711</a>,,P56703,FZD2_LRP6,WNT3_HUMAN,,curated,PMID:24532711,True,RVentoTormo,,,,,low affinity interaction,CellPhoneDBcore<=4.1,WNT3-FZD2+LRP6,Signaling by WNT,Ligand-Receptor,
WNT3,FZD9;LRP5,<a target='_blank' href='https://www.ncbi.nlm.nih.gov/pubmed/24532711'>24532711</a>,,P56703,FZD3_LRP5,WNT3_HUMAN,,curated,PMID:24532711,True,RVentoTormo,,,,,low affinity interaction,CellPhoneDBcore<=4.1,WNT3-FZD3+LRP5,Signaling by WNT,Ligand-Receptor,
WNT3,FZD9;LRP6,<a target='_blank' href='https://www.ncbi.nlm.nih.gov/pubmed/24532711'>24532711</a>,,P56703,FZD3_LRP6,WNT3_HUMAN,,curated,PMID:24532711,True,RVentoTormo,,,,,low affinity interaction,CellPhoneDBcore<=4.1,WNT3-FZD3+LRP6,Signaling by WNT,Ligand-Receptor,
WNT3,FZD4;LRP5,<a target='_blank' href='https://www.ncbi.nlm.nih.gov/pubmed/24532711'>24532711</a>,,P56703,FZD4_LRP5,WNT3_HUMAN,,curated,PMID:24532711,True,RVentoTormo,,,,,low affinity interaction,CellPhoneDBcore<=4.1,WNT3-FZD4+LRP5,Signaling by WNT,Ligand-Receptor,
WNT3,FZD4;LRP6,<a target='_blank' href='https://www.ncbi.nlm.nih.gov/pubmed/24532711'>24532711</a>,,P56703,FZD4_LRP6,WNT3_HUMAN,,curated,PMID:24532711,True,RVentoTormo,,,,,low affinity interaction,CellPhoneDBcore<=4.1,WNT3-FZD4+LRP6,Signaling by WNT,Ligand-Receptor,
WNT3,FZD5;LRP5,<a target='_blank' href='https://www.ncbi.nlm.nih.gov/pubmed/24532711'>24532711</a>,,P56703,FZD5_LRP5,WNT3_HUMAN,,curated,PMID:24532711,True,RVentoTormo,,,,,low affinity interaction,CellPhoneDBcore<=4.1,WNT3-FZD5+LRP5,Signaling by WNT,Ligand-Receptor,
WNT3,FZD5;LRP6,<a target='_blank' href='https://www.ncbi.nlm.nih.gov/pubmed/24532711'>24532711</a>,,P56703,FZD5_LRP6,WNT3_HUMAN,,curated,PMID:24532711,True,RVentoTormo,,,,,low affinity interaction,CellPhoneDBcore<=4.1,WNT3-FZD5+LRP6,Signaling by WNT,Ligand-Receptor,
WNT3,FZD6;LRP5,<a target='_blank' href='https://www.ncbi.nlm.nih.gov/pubmed/24532711'>24532711</a>,,P56703,FZD6_LRP5,WNT3_HUMAN,,curated,PMID:24532711,True,RVentoTormo,,,,,low affinity interaction,CellPhoneDBcore<=4.1,WNT3-FZD6+LRP5,Signaling by WNT,Ligand-Receptor,
WNT3,FZD6;LRP6,<a target='_blank' href='https://www.ncbi.nlm.nih.gov/pubmed/24532711'>24532711</a>,,P56703,FZD6_LRP6,WNT3_HUMAN,,curated,PMID:24532711,True,RVentoTormo,,,,,low affinity interaction,CellPhoneDBcore<=4.1,WNT3-FZD6+LRP6,Signaling by WNT,Ligand-Receptor,
WNT3,FZD7;LRP5,<a target='_blank' href='https://www.ncbi.nlm.nih.gov/pubmed/24532711'>24532711</a>,,P56703,FZD7_LRP5,WNT3_HUMAN,,curated,PMID:24532711,True,RVentoTormo,,,,,low affinity interaction,CellPhoneDBcore<=4.1,WNT3-FZD7+LRP5,Signaling by WNT,Ligand-Receptor,
WNT3,FZD7;LRP6,<a target='_blank' href='https://www.ncbi.nlm.nih.gov/pubmed/24532711'>24532711</a>,,P56703,FZD7_LRP6,WNT3_HUMAN,,curated,PMID:24532711,True,RVentoTormo,,,,,low affinity interaction,CellPhoneDBcore<=4.1,WNT3-FZD7+LRP6,Signaling by WNT,Ligand-Receptor,
WNT3,FZD8;LRP5,<a target='_blank' href='https://www.ncbi.nlm.nih.gov/pubmed/24532711'>24532711</a>,,P56703,FZD8_LRP5,WNT3_HUMAN,,curated,PMID:24532711,True,RVentoTormo,,,,,low affinity interaction,CellPhoneDBcore<=4.1,WNT3-FZD8+LRP5,Signaling by WNT,Ligand-Receptor,
WNT3,FZD8;LRP6,<a target='_blank' href='https://www.ncbi.nlm.nih.gov/pubmed/24532711'>24532711</a>,,P56703,FZD8_LRP6,WNT3_HUMAN,,curated,PMID:24532711,True,RVentoTormo,,,,,low affinity interaction,CellPhoneDBcore<=4.1,WNT3-FZD8+LRP6,Signaling by WNT,Ligand-Receptor,
WNT3,RYK,<a target='_blank' href='https://www.ncbi.nlm.nih.gov/pubmed/16116452'>16116452</a>,,P56703,FDZ8_RYK,WNT3_HUMAN,,curated,reactome;uniprot;PMID:16116452,True,LGarciaAlonso,R-HSA-5323537,R-HSA-5323545,R-HSA-5368598,,,CellPhoneDBcore<=4.1,WNT3-FZD8+RYK,Signaling by WNT,Ligand-Receptor,
WNT3,FZD9;LRP5,<a target='_blank' href='https://www.ncbi.nlm.nih.gov/pubmed/24532711'>24532711</a>,,P56703,FZD9_LRP5,WNT3_HUMAN,,curated,PMID:24532711,True,RVentoTormo,,,,,low affinity interaction,CellPhoneDBcore<=4.1,WNT3-FZD9+LRP5,Signaling by WNT,Ligand-Receptor,
WNT3,FZD9;LRP6,<a target='_blank' href='https://www.ncbi.nlm.nih.gov/pubmed/24532711'>24532711</a>,,P56703,FZD9_LRP6,WNT3_HUMAN,,curated,PMID:24532711,True,RVentoTormo,,,,,low affinity interaction,CellPhoneDBcore<=4.1,WNT3-FZD9+LRP6,Signaling by WNT,Ligand-Receptor,
WNT3,SFRP1,<a target='_blank' href='https://www.ncbi.nlm.nih.gov/pubmed/12775774'>12775774</a>,,P56703,Q8N474,WNT3_HUMAN,SFRP1_HUMAN,curated,PMID:12775774,True,RVentoTormo,,,,,Inhibition WNT. Soluble proteins,CellPhoneDBcore<=4.1,WNT3-SFRP1,Signaling by WNT inhibition,Ligand-Ligand,Inhibitory
WNT3,SFRP2,<a target='_blank' href='https://www.ncbi.nlm.nih.gov/pubmed/12775774'>12775774</a>,,P56703,Q96HF1,WNT3_HUMAN,SFRP2_HUMAN,curated,PMID:12775774,True,RVentoTormo,,,,,Inhibition WNT. Soluble proteins,CellPhoneDBcore<=4.1,WNT3-SFRP2,Signaling by WNT inhibition,Ligand-Ligand,Inhibitory
WNT3,SFRP4,<a target='_blank' href='https://www.ncbi.nlm.nih.gov/pubmed/12775774'>12775774</a>,,P56703,Q6FHJ7,WNT3_HUMAN,SFRP4_HUMAN,curated,PMID:12775774,True,RVentoTormo,,,,,Inhibition WNT. Soluble proteins,CellPhoneDBcore<=4.1,WNT3-SFRP4,Signaling by WNT inhibition,Ligand-Ligand,Inhibitory
WNT3,SFRP5,<a target='_blank' href='https://www.ncbi.nlm.nih.gov/pubmed/12775774'>12775774</a>,,P56703,Q5T4F7,WNT3_HUMAN,SFRP5_HUMAN,curated,PMID:12775774,True,RVentoTormo,,,,,Inhibition WNT. Soluble proteins,CellPhoneDBcore<=4.1,WNT3-SFRP5,Signaling by WNT inhibition,Ligand-Ligand,Inhibitory
WNT3,WIF1,<a target='_blank' href='https://www.ncbi.nlm.nih.gov/pubmed/12775774'>12775774</a>,,P56703,Q9Y5W5,WNT3_HUMAN,WIF1_HUMAN,curated,PMID:12775774,True,RVentoTormo,,,,,Inhibition WNT. Soluble proteins,CellPhoneDBcore<=4.1,WNT3-WIF1,Signaling by WNT inhibition,Ligand-Ligand,Inhibitory
WNT3A,CER1,<a target='_blank' href='https://www.ncbi.nlm.nih.gov/pubmed/10067895'>10067895</a>,,P56704,O95813,WNT3A_HUMAN,CER1_HUMAN,curated,PMID:10067895,True,RVentoTormo,,,,,Inhibition WNT. Soluble proteins,CellPhoneDBcore<=4.1,WNT3A-CER1,Signaling by WNT inhibition,Ligand-Ligand,Inhibitory
WNT3A,FRZB,<a target='_blank' href='https://www.ncbi.nlm.nih.gov/pubmed/12775774'>12775774</a>,,P56704,Q92765,WNT3A_HUMAN,SFRP3_HUMAN,curated,PMID:12775774,True,RVentoTormo,,,,,Inhibition WNT. Soluble proteins,CellPhoneDBcore<=4.1,WNT3A-FRZB,Signaling by WNT inhibition,Ligand-Ligand,Inhibitory
WNT3A,FZD1;LRP5,<a target='_blank' href='https://www.ncbi.nlm.nih.gov/pubmed/24532711'>24532711</a>,,P56704,FZD1_LRP5,WNT3A_HUMAN,,curated,PMID:24532711,True,RVentoTormo,,,,,low affinity interaction,CellPhoneDBcore<=4.1,WNT3A-FZD1+LRP5,Signaling by WNT,Ligand-Receptor,
WNT3A,FZD1;LRP6,<a target='_blank' href='https://www.ncbi.nlm.nih.gov/pubmed/24532711'>24532711</a>,,P56704,FZD1_LRP6,WNT3A_HUMAN,,curated,PMID:24532711,True,RVentoTormo,,,,,low affinity interaction,CellPhoneDBcore<=4.1,WNT3A-FZD1+LRP6,Signaling by WNT,Ligand-Receptor,
WNT3A,FZD10;LRP5,<a target='_blank' href='https://www.ncbi.nlm.nih.gov/pubmed/24532711'>24532711</a>,,P56704,FZD10_LRP5,WNT3A_HUMAN,,curated,PMID:24532711,True,RVentoTormo,,,,,low affinity interaction,CellPhoneDBcore<=4.1,WNT3A-FZD10+LRP5,Signaling by WNT,Ligand-Receptor,
WNT3A,FZD10;LRP6,<a target='_blank' href='https://www.ncbi.nlm.nih.gov/pubmed/24532711'>24532711</a>,,P56704,FZD10_LRP6,WNT3A_HUMAN,,curated,PMID:24532711,True,RVentoTormo,,,,,low affinity interaction,CellPhoneDBcore<=4.1,WNT3A-FZD10+LRP6,Signaling by WNT,Ligand-Receptor,
WNT3A,FZD2;LRP5,<a target='_blank' href='https://www.ncbi.nlm.nih.gov/pubmed/24532711'>24532711</a>,,P56704,FZD2_LRP5,WNT3A_HUMAN,,curated,PMID:24532711,True,RVentoTormo,,,,,low affinity interaction,CellPhoneDBcore<=4.1,WNT3A-FZD2+LRP5,Signaling by WNT,Ligand-Receptor,
WNT3A,FZD2;LRP6,<a target='_blank' href='https://www.ncbi.nlm.nih.gov/pubmed/24532711'>24532711</a>,,P56704,FZD2_LRP6,WNT3A_HUMAN,,curated,PMID:24532711,True,RVentoTormo,,,,,low affinity interaction,CellPhoneDBcore<=4.1,WNT3A-FZD2+LRP6,Signaling by WNT,Ligand-Receptor,
WNT3A,FZD9;LRP5,<a target='_blank' href='https://www.ncbi.nlm.nih.gov/pubmed/24532711'>24532711</a>,,P56704,FZD3_LRP5,WNT3A_HUMAN,,curated,PMID:24532711,True,RVentoTormo,,,,,low affinity interaction,CellPhoneDBcore<=4.1,WNT3A-FZD3+LRP5,Signaling by WNT,Ligand-Receptor,
WNT3A,FZD9;LRP6,<a target='_blank' href='https://www.ncbi.nlm.nih.gov/pubmed/24532711'>24532711</a>,,P56704,FZD3_LRP6,WNT3A_HUMAN,,curated,PMID:24532711,True,RVentoTormo,,,,,low affinity interaction,CellPhoneDBcore<=4.1,WNT3A-FZD3+LRP6,Signaling by WNT,Ligand-Receptor,
WNT3A,FZD4;LRP5,<a target='_blank' href='https://www.ncbi.nlm.nih.gov/pubmed/24532711'>24532711</a>,,P56704,FZD4_LRP5,WNT3A_HUMAN,,curated,PMID:24532711,True,RVentoTormo,,,,,low affinity interaction,CellPhoneDBcore<=4.1,WNT3A-FZD4+LRP5,Signaling by WNT,Ligand-Receptor,
WNT3A,FZD4;LRP6,<a target='_blank' href='https://www.ncbi.nlm.nih.gov/pubmed/24532711'>24532711</a>,,P56704,FZD4_LRP6,WNT3A_HUMAN,,curated,PMID:24532711,True,RVentoTormo,,,,,low affinity interaction,CellPhoneDBcore<=4.1,WNT3A-FZD4+LRP6,Signaling by WNT,Ligand-Receptor,
WNT3A,FZD5;LRP5,<a target='_blank' href='https://www.ncbi.nlm.nih.gov/pubmed/24532711'>24532711</a>,,P56704,FZD5_LRP5,WNT3A_HUMAN,,curated,PMID:24532711,True,RVentoTormo,,,,,low affinity interaction,CellPhoneDBcore<=4.1,WNT3A-FZD5+LRP5,Signaling by WNT,Ligand-Receptor,
WNT3A,FZD5;LRP6,<a target='_blank' href='https://www.ncbi.nlm.nih.gov/pubmed/24532711'>24532711</a>,,P56704,FZD5_LRP6,WNT3A_HUMAN,,curated,PMID:24532711,True,RVentoTormo,,,,,low affinity interaction,CellPhoneDBcore<=4.1,WNT3A-FZD5+LRP6,Signaling by WNT,Ligand-Receptor,
WNT3A,FZD6;LRP5,<a target='_blank' href='https://www.ncbi.nlm.nih.gov/pubmed/24532711'>24532711</a>,,P56704,FZD6_LRP5,WNT3A_HUMAN,,curated,PMID:24532711,True,RVentoTormo,,,,,low affinity interaction,CellPhoneDBcore<=4.1,WNT3A-FZD6+LRP5,Signaling by WNT,Ligand-Receptor,
WNT3A,FZD6;LRP6,<a target='_blank' href='https://www.ncbi.nlm.nih.gov/pubmed/24532711'>24532711</a>,,P56704,FZD6_LRP6,WNT3A_HUMAN,,curated,PMID:24532711,True,RVentoTormo,,,,,low affinity interaction,CellPhoneDBcore<=4.1,WNT3A-FZD6+LRP6,Signaling by WNT,Ligand-Receptor,
WNT3A,FZD7;LRP5,<a target='_blank' href='https://www.ncbi.nlm.nih.gov/pubmed/24532711'>24532711</a>,,P56704,FZD7_LRP5,WNT3A_HUMAN,,curated,PMID:24532711,True,RVentoTormo,,,,,low affinity interaction,CellPhoneDBcore<=4.1,WNT3A-FZD7+LRP5,Signaling by WNT,Ligand-Receptor,
WNT3A,FZD7;LRP6,<a target='_blank' href='https://www.ncbi.nlm.nih.gov/pubmed/24532711'>24532711</a>,,P56704,FZD7_LRP6,WNT3A_HUMAN,,curated,PMID:24532711,True,RVentoTormo,,,,,low affinity interaction,CellPhoneDBcore<=4.1,WNT3A-FZD7+LRP6,Signaling by WNT,Ligand-Receptor,
WNT3A,FZD8;LRP5,<a target='_blank' href='https://www.ncbi.nlm.nih.gov/pubmed/24532711'>24532711</a>,,P56704,FZD8_LRP5,WNT3A_HUMAN,,curated,PMID:24532711,True,RVentoTormo,,,,,low affinity interaction,CellPhoneDBcore<=4.1,WNT3A-FZD8+LRP5,Signaling by WNT,Ligand-Receptor,
WNT3A,FZD8;LRP6,<a target='_blank' href='https://www.ncbi.nlm.nih.gov/pubmed/24532711'>24532711</a>,,P56704,FZD8_LRP6,WNT3A_HUMAN,,curated,PMID:24532711,True,RVentoTormo,,,,,low affinity interaction,CellPhoneDBcore<=4.1,WNT3A-FZD8+LRP6,Signaling by WNT,Ligand-Receptor,
WNT3A,FZD9;LRP5,<a target='_blank' href='https://www.ncbi.nlm.nih.gov/pubmed/24532711'>24532711</a>,,P56704,FZD9_LRP5,WNT3A_HUMAN,,curated,PMID:24532711,True,RVentoTormo,,,,,low affinity interaction,CellPhoneDBcore<=4.1,WNT3A-FZD9+LRP5,Signaling by WNT,Ligand-Receptor,
WNT3A,FZD9;LRP6,<a target='_blank' href='https://www.ncbi.nlm.nih.gov/pubmed/24532711'>24532711</a>,,P56704,FZD9_LRP6,WNT3A_HUMAN,,curated,PMID:24532711,True,RVentoTormo,,,,,low affinity interaction,CellPhoneDBcore<=4.1,WNT3A-FZD9+LRP6,Signaling by WNT,Ligand-Receptor,
WNT3A,SFRP1,<a target='_blank' href='https://www.ncbi.nlm.nih.gov/pubmed/12775774'>12775774</a>,,P56704,Q8N474,WNT3A_HUMAN,SFRP1_HUMAN,curated,PMID:12775774,True,RVentoTormo,,,,,Inhibition WNT. Soluble proteins,CellPhoneDBcore<=4.1,WNT3A-SFRP1,Signaling by WNT inhibition,Ligand-Ligand,Inhibitory
WNT3A,SFRP2,<a target='_blank' href='https://www.ncbi.nlm.nih.gov/pubmed/12775774'>12775774</a>,,P56704,Q96HF1,WNT3A_HUMAN,SFRP2_HUMAN,curated,PMID:12775774,True,RVentoTormo,,,,,Inhibition WNT. Soluble proteins,CellPhoneDBcore<=4.1,WNT3A-SFRP2,Signaling by WNT inhibition,Ligand-Ligand,Inhibitory
WNT3A,SFRP4,<a target='_blank' href='https://www.ncbi.nlm.nih.gov/pubmed/12775774'>12775774</a>,,P56704,Q6FHJ7,WNT3A_HUMAN,SFRP4_HUMAN,curated,PMID:12775774,True,RVentoTormo,,,,,Inhibition WNT. Soluble proteins,CellPhoneDBcore<=4.1,WNT3A-SFRP4,Signaling by WNT inhibition,Ligand-Ligand,Inhibitory
WNT3A,SFRP5,<a target='_blank' href='https://www.ncbi.nlm.nih.gov/pubmed/12775774'>12775774</a>,,P56704,Q5T4F7,WNT3A_HUMAN,SFRP5_HUMAN,curated,PMID:12775774,True,RVentoTormo,,,,,Inhibition WNT. Soluble proteins,CellPhoneDBcore<=4.1,WNT3A-SFRP5,Signaling by WNT inhibition,Ligand-Ligand,Inhibitory
WNT3A,WIF1,<a target='_blank' href='https://www.ncbi.nlm.nih.gov/pubmed/12775774'>12775774</a>,,P56704,Q9Y5W5,WNT3A_HUMAN,WIF1_HUMAN,curated,PMID:12775774,True,RVentoTormo,,,,,Inhibition WNT. Soluble proteins,CellPhoneDBcore<=4.1,WNT3A-WIF1,Signaling by WNT inhibition,Ligand-Ligand,Inhibitory
WNT4,CER1,<a target='_blank' href='https://www.ncbi.nlm.nih.gov/pubmed/10067895'>10067895</a>,,P56705,O95813,WNT4_HUMAN,CER1_HUMAN,curated,PMID:10067895,True,RVentoTormo,,,,,Inhibition WNT. Soluble proteins,CellPhoneDBcore<=4.1,WNT4-CER1,Signaling by WNT inhibition,Ligand-Ligand,Inhibitory
WNT4,FRZB,<a target='_blank' href='https://www.ncbi.nlm.nih.gov/pubmed/12775774'>12775774</a>,,P56705,Q92765,WNT4_HUMAN,SFRP3_HUMAN,curated,PMID:12775774,True,RVentoTormo,,,,,Inhibition WNT. Soluble proteins,CellPhoneDBcore<=4.1,WNT4-FRZB,Signaling by WNT inhibition,Ligand-Ligand,Inhibitory
WNT4,FZD1;LRP5,<a target='_blank' href='https://www.ncbi.nlm.nih.gov/pubmed/24532711'>24532711</a>,,P56705,FZD1_LRP5,WNT4_HUMAN,,curated,PMID:24532711,True,RVentoTormo,,,,,low affinity interaction,CellPhoneDBcore<=4.1,WNT4-FZD1+LRP5,Signaling by WNT,Ligand-Receptor,
WNT4,FZD1;LRP6,<a target='_blank' href='https://www.ncbi.nlm.nih.gov/pubmed/24532711'>24532711</a>,,P56705,FZD1_LRP6,WNT4_HUMAN,,curated,PMID:24532711,True,RVentoTormo,,,,,low affinity interaction,CellPhoneDBcore<=4.1,WNT4-FZD1+LRP6,Signaling by WNT,Ligand-Receptor,
WNT4,FZD10;LRP5,<a target='_blank' href='https://www.ncbi.nlm.nih.gov/pubmed/24532711'>24532711</a>,,P56705,FZD10_LRP5,WNT4_HUMAN,,curated,PMID:24532711,True,RVentoTormo,,,,,low affinity interaction,CellPhoneDBcore<=4.1,WNT4-FZD10+LRP5,Signaling by WNT,Ligand-Receptor,
WNT4,FZD10;LRP6,<a target='_blank' href='https://www.ncbi.nlm.nih.gov/pubmed/24532711'>24532711</a>,,P56705,FZD10_LRP6,WNT4_HUMAN,,curated,PMID:24532711,True,RVentoTormo,,,,,low affinity interaction,CellPhoneDBcore<=4.1,WNT4-FZD10+LRP6,Signaling by WNT,Ligand-Receptor,
WNT4,FZD2;LRP5,<a target='_blank' href='https://www.ncbi.nlm.nih.gov/pubmed/24532711'>24532711</a>,,P56705,FZD2_LRP5,WNT4_HUMAN,,curated,PMID:24532711,True,RVentoTormo,,,,,low affinity interaction,CellPhoneDBcore<=4.1,WNT4-FZD2+LRP5,Signaling by WNT,Ligand-Receptor,
WNT4,FZD2;LRP6,<a target='_blank' href='https://www.ncbi.nlm.nih.gov/pubmed/24532711'>24532711</a>,,P56705,FZD2_LRP6,WNT4_HUMAN,,curated,PMID:24532711,True,RVentoTormo,,,,,low affinity interaction,CellPhoneDBcore<=4.1,WNT4-FZD2+LRP6,Signaling by WNT,Ligand-Receptor,
WNT4,FZD9;LRP5,<a target='_blank' href='https://www.ncbi.nlm.nih.gov/pubmed/24532711'>24532711</a>,,P56705,FZD3_LRP5,WNT4_HUMAN,,curated,PMID:24532711,True,RVentoTormo,,,,,low affinity interaction,CellPhoneDBcore<=4.1,WNT4-FZD3+LRP5,Signaling by WNT,Ligand-Receptor,
WNT4,FZD9;LRP6,<a target='_blank' href='https://www.ncbi.nlm.nih.gov/pubmed/24532711'>24532711</a>,,P56705,FZD3_LRP6,WNT4_HUMAN,,curated,PMID:24532711,True,RVentoTormo,,,,,low affinity interaction,CellPhoneDBcore<=4.1,WNT4-FZD3+LRP6,Signaling by WNT,Ligand-Receptor,
WNT4,FZD4;LRP5,<a target='_blank' href='https://www.ncbi.nlm.nih.gov/pubmed/24532711'>24532711</a>,,P56705,FZD4_LRP5,WNT4_HUMAN,,curated,PMID:24532711,True,RVentoTormo,,,,,low affinity interaction,CellPhoneDBcore<=4.1,WNT4-FZD4+LRP5,Signaling by WNT,Ligand-Receptor,
WNT4,FZD4;LRP6,<a target='_blank' href='https://www.ncbi.nlm.nih.gov/pubmed/24532711'>24532711</a>,,P56705,FZD4_LRP6,WNT4_HUMAN,,curated,PMID:24532711,True,RVentoTormo,,,,,low affinity interaction,CellPhoneDBcore<=4.1,WNT4-FZD4+LRP6,Signaling by WNT,Ligand-Receptor,
WNT4,FZD5;LRP5,<a target='_blank' href='https://www.ncbi.nlm.nih.gov/pubmed/24532711'>24532711</a>,,P56705,FZD5_LRP5,WNT4_HUMAN,,curated,PMID:24532711,True,RVentoTormo,,,,,low affinity interaction,CellPhoneDBcore<=4.1,WNT4-FZD5+LRP5,Signaling by WNT,Ligand-Receptor,
WNT4,FZD5;LRP6,<a target='_blank' href='https://www.ncbi.nlm.nih.gov/pubmed/24532711'>24532711</a>,,P56705,FZD5_LRP6,WNT4_HUMAN,,curated,PMID:24532711,True,RVentoTormo,,,,,low affinity interaction,CellPhoneDBcore<=4.1,WNT4-FZD5+LRP6,Signaling by WNT,Ligand-Receptor,
WNT4,FZD6;LRP5,<a target='_blank' href='https://www.ncbi.nlm.nih.gov/pubmed/24532711'>24532711</a>,,P56705,FZD6_LRP5,WNT4_HUMAN,,curated,PMID:24532711,True,RVentoTormo,,,,,low affinity interaction,CellPhoneDBcore<=4.1,WNT4-FZD6+LRP5,Signaling by WNT,Ligand-Receptor,
WNT4,FZD6;LRP6,<a target='_blank' href='https://www.ncbi.nlm.nih.gov/pubmed/24532711'>24532711</a>,,P56705,FZD6_LRP6,WNT4_HUMAN,,curated,PMID:24532711,True,RVentoTormo,,,,,low affinity interaction,CellPhoneDBcore<=4.1,WNT4-FZD6+LRP6,Signaling by WNT,Ligand-Receptor,
WNT4,FZD7;LRP5,<a target='_blank' href='https://www.ncbi.nlm.nih.gov/pubmed/24532711'>24532711</a>,,P56705,FZD7_LRP5,WNT4_HUMAN,,curated,PMID:24532711,True,RVentoTormo,,,,,low affinity interaction,CellPhoneDBcore<=4.1,WNT4-FZD7+LRP5,Signaling by WNT,Ligand-Receptor,
WNT4,FZD7;LRP6,<a target='_blank' href='https://www.ncbi.nlm.nih.gov/pubmed/24532711'>24532711</a>,,P56705,FZD7_LRP6,WNT4_HUMAN,,curated,PMID:24532711,True,RVentoTormo,,,,,low affinity interaction,CellPhoneDBcore<=4.1,WNT4-FZD7+LRP6,Signaling by WNT,Ligand-Receptor,
WNT4,FZD8;LRP5,<a target='_blank' href='https://www.ncbi.nlm.nih.gov/pubmed/24532711'>24532711</a>,,P56705,FZD8_LRP5,WNT4_HUMAN,,curated,PMID:24532711,True,RVentoTormo,,,,,low affinity interaction,CellPhoneDBcore<=4.1,WNT4-FZD8+LRP5,Signaling by WNT,Ligand-Receptor,
WNT4,FZD8;LRP6,<a target='_blank' href='https://www.ncbi.nlm.nih.gov/pubmed/24532711'>24532711</a>,,P56705,FZD8_LRP6,WNT4_HUMAN,,curated,PMID:24532711,True,RVentoTormo,,,,,low affinity interaction,CellPhoneDBcore<=4.1,WNT4-FZD8+LRP6,Signaling by WNT,Ligand-Receptor,
WNT4,FZD9;LRP5,<a target='_blank' href='https://www.ncbi.nlm.nih.gov/pubmed/24532711'>24532711</a>,,P56705,FZD9_LRP5,WNT4_HUMAN,,curated,PMID:24532711,True,RVentoTormo,,,,,low affinity interaction,CellPhoneDBcore<=4.1,WNT4-FZD9+LRP5,Signaling by WNT,Ligand-Receptor,
WNT4,FZD9;LRP6,<a target='_blank' href='https://www.ncbi.nlm.nih.gov/pubmed/24532711'>24532711</a>,,P56705,FZD9_LRP6,WNT4_HUMAN,,curated,PMID:24532711,True,RVentoTormo,,,,,low affinity interaction,CellPhoneDBcore<=4.1,WNT4-FZD9+LRP6,Signaling by WNT,Ligand-Receptor,
WNT4,SFRP1,<a target='_blank' href='https://www.ncbi.nlm.nih.gov/pubmed/12775774'>12775774</a>,,P56705,Q8N474,WNT4_HUMAN,SFRP1_HUMAN,curated,PMID:12775774,True,RVentoTormo,,,,,Inhibition WNT. Soluble proteins,CellPhoneDBcore<=4.1,WNT4-SFRP1,Signaling by WNT inhibition,Ligand-Ligand,Inhibitory
WNT4,SFRP2,<a target='_blank' href='https://www.ncbi.nlm.nih.gov/pubmed/12775774'>12775774</a>,,P56705,Q96HF1,WNT4_HUMAN,SFRP2_HUMAN,curated,PMID:12775774,True,RVentoTormo,,,,,Inhibition WNT. Soluble proteins,CellPhoneDBcore<=4.1,WNT4-SFRP2,Signaling by WNT inhibition,Ligand-Ligand,Inhibitory
WNT4,SFRP4,<a target='_blank' href='https://www.ncbi.nlm.nih.gov/pubmed/12775774'>12775774</a>,,P56705,Q6FHJ7,WNT4_HUMAN,SFRP4_HUMAN,curated,PMID:12775774,True,RVentoTormo,,,,,Inhibition WNT. Soluble proteins,CellPhoneDBcore<=4.1,WNT4-SFRP4,Signaling by WNT inhibition,Ligand-Ligand,Inhibitory
WNT4,SFRP5,<a target='_blank' href='https://www.ncbi.nlm.nih.gov/pubmed/12775774'>12775774</a>,,P56705,Q5T4F7,WNT4_HUMAN,SFRP5_HUMAN,curated,PMID:12775774,True,RVentoTormo,,,,,Inhibition WNT. Soluble proteins,CellPhoneDBcore<=4.1,WNT4-SFRP5,Signaling by WNT inhibition,Ligand-Ligand,Inhibitory
WNT4,WIF1,<a target='_blank' href='https://www.ncbi.nlm.nih.gov/pubmed/12775774'>12775774</a>,,P56705,Q9Y5W5,WNT4_HUMAN,WIF1_HUMAN,curated,PMID:12775774,True,RVentoTormo,,,,,Inhibition WNT. Soluble proteins,CellPhoneDBcore<=4.1,WNT4-WIF1,Signaling by WNT inhibition,Ligand-Ligand,Inhibitory
WNT5A,CER1,<a target='_blank' href='https://www.ncbi.nlm.nih.gov/pubmed/10067895'>10067895</a>,,P41221,O95813,WNT5A_HUMAN,CER1_HUMAN,curated,PMID:10067895,True,RVentoTormo,,,,,Inhibition WNT. Soluble proteins,CellPhoneDBcore<=4.1,WNT5A-CER1,Signaling by WNT inhibition,Ligand-Ligand,Inhibitory
WNT5A,FRZB,<a target='_blank' href='https://www.ncbi.nlm.nih.gov/pubmed/12775774'>12775774</a>,,P41221,Q92765,WNT5A_HUMAN,SFRP3_HUMAN,curated,PMID:12775774,True,RVentoTormo,,,,,Inhibition WNT. Soluble proteins,CellPhoneDBcore<=4.1,WNT5A-FRZB,Signaling by WNT inhibition,Ligand-Ligand,Inhibitory
WNT5A,FZD10;LRP5,<a target='_blank' href='https://www.ncbi.nlm.nih.gov/pubmed/24532711'>24532711</a>,,P41221,FZD10_LRP5,WNT5A_HUMAN,,curated,PMID:24532711,True,RVentoTormo,,,,,low affinity interaction,CellPhoneDBcore<=4.1,WNT5A-FZD10+LRP5,Signaling by WNT,Ligand-Receptor,
WNT5A,FZD10;LRP6,<a target='_blank' href='https://www.ncbi.nlm.nih.gov/pubmed/24532711'>24532711</a>,,P41221,FZD10_LRP6,WNT5A_HUMAN,,curated,PMID:24532711,True,RVentoTormo,,,,,low affinity interaction,CellPhoneDBcore<=4.1,WNT5A-FZD10+LRP6,Signaling by WNT,Ligand-Receptor,
WNT5A,FZD2;LRP5,<a target='_blank' href='https://www.ncbi.nlm.nih.gov/pubmed/24032637'>24032637</a>,,P41221,FZD2_LRP5,WNT5A_HUMAN,,curated,PMID:24032637,True,RVentoTormo,,,,,high affinity interaction,CellPhoneDBcore<=4.1,WNT5A-FZD2+LRP5,Signaling by WNT,Ligand-Receptor,
WNT5A,FZD2;LRP6,<a target='_blank' href='https://www.ncbi.nlm.nih.gov/pubmed/24032637'>24032637</a>,,P41221,FZD2_LRP6,WNT5A_HUMAN,,curated,PMID:24032637,True,RVentoTormo,,,,,high affinity interaction,CellPhoneDBcore<=4.1,WNT5A-FZD2+LRP6,Signaling by WNT,Ligand-Receptor,
WNT5A,FZD9;LRP5,<a target='_blank' href='https://www.ncbi.nlm.nih.gov/pubmed/24032637'>24032637</a>,,P41221,FZD3_LRP5,WNT5A_HUMAN,,curated,PMID:24032637,True,RVentoTormo,,,,,high affinity interaction,CellPhoneDBcore<=4.1,WNT5A-FZD3+LRP5,Signaling by WNT,Ligand-Receptor,
WNT5A,FZD9;LRP6,<a target='_blank' href='https://www.ncbi.nlm.nih.gov/pubmed/24032637'>24032637</a>,,P41221,FZD3_LRP6,WNT5A_HUMAN,,curated,PMID:24032637,True,RVentoTormo,,,,,high affinity interaction,CellPhoneDBcore<=4.1,WNT5A-FZD3+LRP6,Signaling by WNT,Ligand-Receptor,
WNT5A,FZD4;LRP5,<a target='_blank' href='https://www.ncbi.nlm.nih.gov/pubmed/24532711'>24532711</a>,,P41221,FZD4_LRP5,WNT5A_HUMAN,,curated,PMID:24532711,True,RVentoTormo,,,,,low affinity interaction,CellPhoneDBcore<=4.1,WNT5A-FZD4+LRP5,Signaling by WNT,Ligand-Receptor,
WNT5A,FZD4;LRP6,<a target='_blank' href='https://www.ncbi.nlm.nih.gov/pubmed/24532711'>24532711</a>,,P41221,FZD4_LRP6,WNT5A_HUMAN,,curated,PMID:24532711,True,RVentoTormo,,,,,low affinity interaction,CellPhoneDBcore<=4.1,WNT5A-FZD4+LRP6,Signaling by WNT,Ligand-Receptor,
WNT5A,FZD5;LRP5,<a target='_blank' href='https://www.ncbi.nlm.nih.gov/pubmed/24032637'>24032637</a>,,P41221,FZD5_LRP5,WNT5A_HUMAN,,curated,PMID:24032637,True,RVentoTormo,,,,,high affinity interaction,CellPhoneDBcore<=4.1,WNT5A-FZD5+LRP5,Signaling by WNT,Ligand-Receptor,
WNT5A,FZD5;LRP6,<a target='_blank' href='https://www.ncbi.nlm.nih.gov/pubmed/24532711'>24532711</a>,,P41221,FZD5_LRP6,WNT5A_HUMAN,,curated,PMID:24532711,True,RVentoTormo,,,,,low affinity interaction,CellPhoneDBcore<=4.1,WNT5A-FZD5+LRP6,Signaling by WNT,Ligand-Receptor,
WNT5A,FZD6;LRP5,<a target='_blank' href='https://www.ncbi.nlm.nih.gov/pubmed/24532711'>24532711</a>,,P41221,FZD6_LRP5,WNT5A_HUMAN,,curated,PMID:24532711,True,RVentoTormo,,,,,low affinity interaction,CellPhoneDBcore<=4.1,WNT5A-FZD6+LRP5,Signaling by WNT,Ligand-Receptor,
WNT5A,FZD6;LRP6,<a target='_blank' href='https://www.ncbi.nlm.nih.gov/pubmed/24532711'>24532711</a>,,P41221,FZD6_LRP6,WNT5A_HUMAN,,curated,PMID:24532711,True,RVentoTormo,,,,,low affinity interaction,CellPhoneDBcore<=4.1,WNT5A-FZD6+LRP6,Signaling by WNT,Ligand-Receptor,
WNT5A,FZD7;LRP5,<a target='_blank' href='https://www.ncbi.nlm.nih.gov/pubmed/24532711'>24532711</a>,,P41221,FZD7_LRP5,WNT5A_HUMAN,,curated,PMID:24532711,True,RVentoTormo,,,,,low affinity interaction,CellPhoneDBcore<=4.1,WNT5A-FZD7+LRP5,Signaling by WNT,Ligand-Receptor,
WNT5A,FZD7;LRP6,<a target='_blank' href='https://www.ncbi.nlm.nih.gov/pubmed/24532711'>24532711</a>,,P41221,FZD7_LRP6,WNT5A_HUMAN,,curated,PMID:24532711,True,RVentoTormo,,,,,low affinity interaction,CellPhoneDBcore<=4.1,WNT5A-FZD7+LRP6,Signaling by WNT,Ligand-Receptor,
WNT5A,FZD8;LRP5,<a target='_blank' href='https://www.ncbi.nlm.nih.gov/pubmed/24532711'>24532711</a>,,P41221,FZD8_LRP5,WNT5A_HUMAN,,curated,PMID:24532711,True,RVentoTormo,,,,,low affinity interaction,CellPhoneDBcore<=4.1,WNT5A-FZD8+LRP5,Signaling by WNT,Ligand-Receptor,
WNT5A,FZD8;LRP6,<a target='_blank' href='https://www.ncbi.nlm.nih.gov/pubmed/24532711'>24532711</a>,,P41221,FZD8_LRP6,WNT5A_HUMAN,,curated,PMID:24532711,True,RVentoTormo,,,,,low affinity interaction,CellPhoneDBcore<=4.1,WNT5A-FZD8+LRP6,Signaling by WNT,Ligand-Receptor,
WNT5A,FZD9;LRP5,<a target='_blank' href='https://www.ncbi.nlm.nih.gov/pubmed/24532711'>24532711</a>,,P41221,FZD9_LRP5,WNT5A_HUMAN,,curated,PMID:24532711,True,RVentoTormo,,,,,low affinity interaction,CellPhoneDBcore<=4.1,WNT5A-FZD9+LRP5,Signaling by WNT,Ligand-Receptor,
WNT5A,FZD9;LRP6,<a target='_blank' href='https://www.ncbi.nlm.nih.gov/pubmed/24532711'>24532711</a>,,P41221,FZD9_LRP6,WNT5A_HUMAN,,curated,PMID:24532711,True,RVentoTormo,,,,,low affinity interaction,CellPhoneDBcore<=4.1,WNT5A-FZD9+LRP6,Signaling by WNT,Ligand-Receptor,
WNT5A,RORA,<a target='_blank' href='https://www.ncbi.nlm.nih.gov/pubmed/27162350'>27162350</a>,,P41221,Q01973,WNT5A_HUMAN,ROR1_HUMAN,curated,uniprot;PMID:27162350,True,LGarciaAlonso,,,,,,CellPhoneDBcore<=4.1,WNT5A-ROR1,Signaling by WNT,Ligand-Receptor,
WNT5A,SFRP1,<a target='_blank' href='https://www.ncbi.nlm.nih.gov/pubmed/12775774'>12775774</a>,,P41221,Q8N474,WNT5A_HUMAN,SFRP1_HUMAN,curated,PMID:12775774,True,RVentoTormo,,,,,Inhibition WNT. Soluble proteins,CellPhoneDBcore<=4.1,WNT5A-SFRP1,Signaling by WNT inhibition,Ligand-Ligand,Inhibitory
WNT5A,SFRP2,<a target='_blank' href='https://www.ncbi.nlm.nih.gov/pubmed/12775774'>12775774</a>,,P41221,Q96HF1,WNT5A_HUMAN,SFRP2_HUMAN,curated,PMID:12775774,True,RVentoTormo,,,,,Inhibition WNT. Soluble proteins,CellPhoneDBcore<=4.1,WNT5A-SFRP2,Signaling by WNT inhibition,Ligand-Ligand,Inhibitory
WNT5A,SFRP4,<a target='_blank' href='https://www.ncbi.nlm.nih.gov/pubmed/12775774'>12775774</a>,,P41221,Q6FHJ7,WNT5A_HUMAN,SFRP4_HUMAN,curated,PMID:12775774,True,RVentoTormo,,,,,Inhibition WNT. Soluble proteins,CellPhoneDBcore<=4.1,WNT5A-SFRP4,Signaling by WNT inhibition,Ligand-Ligand,Inhibitory
WNT5A,SFRP5,<a target='_blank' href='https://www.ncbi.nlm.nih.gov/pubmed/12775774'>12775774</a>,,P41221,Q5T4F7,WNT5A_HUMAN,SFRP5_HUMAN,curated,PMID:12775774,True,RVentoTormo,,,,,Inhibition WNT. Soluble proteins,CellPhoneDBcore<=4.1,WNT5A-SFRP5,Signaling by WNT inhibition,Ligand-Ligand,Inhibitory
WNT5A,WIF1,<a target='_blank' href='https://www.ncbi.nlm.nih.gov/pubmed/12775774'>12775774</a>,,P41221,Q9Y5W5,WNT5A_HUMAN,WIF1_HUMAN,curated,PMID:12775774,True,RVentoTormo,,,,,Inhibition WNT. Soluble proteins,CellPhoneDBcore<=4.1,WNT5A-WIF1,Signaling by WNT inhibition,Ligand-Ligand,Inhibitory
WNT5B,CER1,<a target='_blank' href='https://www.ncbi.nlm.nih.gov/pubmed/10067895'>10067895</a>,,Q9H1J7,O95813,WNT5B_HUMAN,CER1_HUMAN,curated,PMID:10067895,True,RVentoTormo,,,,,Inhibition WNT. Soluble proteins,CellPhoneDBcore<=4.1,WNT5B-CER1,Signaling by WNT inhibition,Ligand-Ligand,Inhibitory
WNT5B,FRZB,<a target='_blank' href='https://www.ncbi.nlm.nih.gov/pubmed/12775774'>12775774</a>,,Q9H1J7,Q92765,WNT5B_HUMAN,SFRP3_HUMAN,curated,PMID:12775774,True,RVentoTormo,,,,,Inhibition WNT. Soluble proteins,CellPhoneDBcore<=4.1,WNT5B-FRZB,Signaling by WNT inhibition,Ligand-Ligand,Inhibitory
WNT5B,FZD1;LRP5,<a target='_blank' href='https://www.ncbi.nlm.nih.gov/pubmed/24532711'>24532711</a>,,Q9H1J7,FZD1_LRP5,WNT5B_HUMAN,,curated,PMID:24532711,True,RVentoTormo,,,,,low affinity interaction,CellPhoneDBcore<=4.1,WNT5B-FZD1+LRP5,Signaling by WNT,Ligand-Receptor,
WNT5B,FZD1;LRP6,<a target='_blank' href='https://www.ncbi.nlm.nih.gov/pubmed/24532711'>24532711</a>,,Q9H1J7,FZD1_LRP6,WNT5B_HUMAN,,curated,PMID:24532711,True,RVentoTormo,,,,,low affinity interaction,CellPhoneDBcore<=4.1,WNT5B-FZD1+LRP6,Signaling by WNT,Ligand-Receptor,
WNT5B,FZD10;LRP5,<a target='_blank' href='https://www.ncbi.nlm.nih.gov/pubmed/24532711'>24532711</a>,,Q9H1J7,FZD10_LRP5,WNT5B_HUMAN,,curated,PMID:24532711,True,RVentoTormo,,,,,low affinity interaction,CellPhoneDBcore<=4.1,WNT5B-FZD10+LRP5,Signaling by WNT,Ligand-Receptor,
WNT5B,FZD10;LRP6,<a target='_blank' href='https://www.ncbi.nlm.nih.gov/pubmed/24532711'>24532711</a>,,Q9H1J7,FZD10_LRP6,WNT5B_HUMAN,,curated,PMID:24532711,True,RVentoTormo,,,,,low affinity interaction,CellPhoneDBcore<=4.1,WNT5B-FZD10+LRP6,Signaling by WNT,Ligand-Receptor,
WNT5B,FZD2;LRP5,<a target='_blank' href='https://www.ncbi.nlm.nih.gov/pubmed/24532711'>24532711</a>,,Q9H1J7,FZD2_LRP5,WNT5B_HUMAN,,curated,PMID:24532711,True,RVentoTormo,,,,,low affinity interaction,CellPhoneDBcore<=4.1,WNT5B-FZD2+LRP5,Signaling by WNT,Ligand-Receptor,
WNT5B,FZD2;LRP6,<a target='_blank' href='https://www.ncbi.nlm.nih.gov/pubmed/24532711'>24532711</a>,,Q9H1J7,FZD2_LRP6,WNT5B_HUMAN,,curated,PMID:24532711,True,RVentoTormo,,,,,low affinity interaction,CellPhoneDBcore<=4.1,WNT5B-FZD2+LRP6,Signaling by WNT,Ligand-Receptor,
WNT5B,FZD9;LRP5,<a target='_blank' href='https://www.ncbi.nlm.nih.gov/pubmed/24532711'>24532711</a>,,Q9H1J7,FZD3_LRP5,WNT5B_HUMAN,,curated,PMID:24532711,True,RVentoTormo,,,,,low affinity interaction,CellPhoneDBcore<=4.1,WNT5B-FZD3+LRP5,Signaling by WNT,Ligand-Receptor,
WNT5B,FZD9;LRP6,<a target='_blank' href='https://www.ncbi.nlm.nih.gov/pubmed/24532711'>24532711</a>,,Q9H1J7,FZD3_LRP6,WNT5B_HUMAN,,curated,PMID:24532711,True,RVentoTormo,,,,,low affinity interaction,CellPhoneDBcore<=4.1,WNT5B-FZD3+LRP6,Signaling by WNT,Ligand-Receptor,
WNT5B,FZD4;LRP5,<a target='_blank' href='https://www.ncbi.nlm.nih.gov/pubmed/24532711'>24532711</a>,,Q9H1J7,FZD4_LRP5,WNT5B_HUMAN,,curated,PMID:24532711,True,RVentoTormo,,,,,low affinity interaction,CellPhoneDBcore<=4.1,WNT5B-FZD4+LRP5,Signaling by WNT,Ligand-Receptor,
WNT5B,FZD4;LRP6,<a target='_blank' href='https://www.ncbi.nlm.nih.gov/pubmed/24532711'>24532711</a>,,Q9H1J7,FZD4_LRP6,WNT5B_HUMAN,,curated,PMID:24532711,True,RVentoTormo,,,,,low affinity interaction,CellPhoneDBcore<=4.1,WNT5B-FZD4+LRP6,Signaling by WNT,Ligand-Receptor,
WNT5B,FZD5;LRP5,<a target='_blank' href='https://www.ncbi.nlm.nih.gov/pubmed/24532711'>24532711</a>,,Q9H1J7,FZD5_LRP5,WNT5B_HUMAN,,curated,PMID:24532711,True,RVentoTormo,,,,,low affinity interaction,CellPhoneDBcore<=4.1,WNT5B-FZD5+LRP5,Signaling by WNT,Ligand-Receptor,
WNT5B,FZD5;LRP6,<a target='_blank' href='https://www.ncbi.nlm.nih.gov/pubmed/24532711'>24532711</a>,,Q9H1J7,FZD5_LRP6,WNT5B_HUMAN,,curated,PMID:24532711,True,RVentoTormo,,,,,low affinity interaction,CellPhoneDBcore<=4.1,WNT5B-FZD5+LRP6,Signaling by WNT,Ligand-Receptor,
WNT5B,FZD6;LRP5,<a target='_blank' href='https://www.ncbi.nlm.nih.gov/pubmed/24532711'>24532711</a>,,Q9H1J7,FZD6_LRP5,WNT5B_HUMAN,,curated,PMID:24532711,True,RVentoTormo,,,,,low affinity interaction,CellPhoneDBcore<=4.1,WNT5B-FZD6+LRP5,Signaling by WNT,Ligand-Receptor,
WNT5B,FZD6;LRP6,<a target='_blank' href='https://www.ncbi.nlm.nih.gov/pubmed/24532711'>24532711</a>,,Q9H1J7,FZD6_LRP6,WNT5B_HUMAN,,curated,PMID:24532711,True,RVentoTormo,,,,,low affinity interaction,CellPhoneDBcore<=4.1,WNT5B-FZD6+LRP6,Signaling by WNT,Ligand-Receptor,
WNT5B,FZD7;LRP5,<a target='_blank' href='https://www.ncbi.nlm.nih.gov/pubmed/24532711'>24532711</a>,,Q9H1J7,FZD7_LRP5,WNT5B_HUMAN,,curated,PMID:24532711,True,RVentoTormo,,,,,low affinity interaction,CellPhoneDBcore<=4.1,WNT5B-FZD7+LRP5,Signaling by WNT,Ligand-Receptor,
WNT5B,FZD7;LRP6,<a target='_blank' href='https://www.ncbi.nlm.nih.gov/pubmed/24532711'>24532711</a>,,Q9H1J7,FZD7_LRP6,WNT5B_HUMAN,,curated,PMID:24532711,True,RVentoTormo,,,,,low affinity interaction,CellPhoneDBcore<=4.1,WNT5B-FZD7+LRP6,Signaling by WNT,Ligand-Receptor,
WNT5B,FZD8;LRP5,<a target='_blank' href='https://www.ncbi.nlm.nih.gov/pubmed/24532711'>24532711</a>,,Q9H1J7,FZD8_LRP5,WNT5B_HUMAN,,curated,PMID:24532711,True,RVentoTormo,,,,,low affinity interaction,CellPhoneDBcore<=4.1,WNT5B-FZD8+LRP5,Signaling by WNT,Ligand-Receptor,
WNT5B,FZD8;LRP6,<a target='_blank' href='https://www.ncbi.nlm.nih.gov/pubmed/24532711'>24532711</a>,,Q9H1J7,FZD8_LRP6,WNT5B_HUMAN,,curated,PMID:24532711,True,RVentoTormo,,,,,low affinity interaction,CellPhoneDBcore<=4.1,WNT5B-FZD8+LRP6,Signaling by WNT,Ligand-Receptor,
WNT5B,FZD9;LRP5,<a target='_blank' href='https://www.ncbi.nlm.nih.gov/pubmed/24532711'>24532711</a>,,Q9H1J7,FZD9_LRP5,WNT5B_HUMAN,,curated,PMID:24532711,True,RVentoTormo,,,,,low affinity interaction,CellPhoneDBcore<=4.1,WNT5B-FZD9+LRP5,Signaling by WNT,Ligand-Receptor,
WNT5B,FZD9;LRP6,<a target='_blank' href='https://www.ncbi.nlm.nih.gov/pubmed/24532711'>24532711</a>,,Q9H1J7,FZD9_LRP6,WNT5B_HUMAN,,curated,PMID:24532711,True,RVentoTormo,,,,,low affinity interaction,CellPhoneDBcore<=4.1,WNT5B-FZD9+LRP6,Signaling by WNT,Ligand-Receptor,
WNT5B,SFRP1,<a target='_blank' href='https://www.ncbi.nlm.nih.gov/pubmed/12775774'>12775774</a>,,Q9H1J7,Q8N474,WNT5B_HUMAN,SFRP1_HUMAN,curated,PMID:12775774,True,RVentoTormo,,,,,Inhibition WNT. Soluble proteins,CellPhoneDBcore<=4.1,WNT5B-SFRP1,Signaling by WNT inhibition,Ligand-Ligand,Inhibitory
WNT5B,SFRP2,<a target='_blank' href='https://www.ncbi.nlm.nih.gov/pubmed/12775774'>12775774</a>,,Q9H1J7,Q96HF1,WNT5B_HUMAN,SFRP2_HUMAN,curated,PMID:12775774,True,RVentoTormo,,,,,Inhibition WNT. Soluble proteins,CellPhoneDBcore<=4.1,WNT5B-SFRP2,Signaling by WNT inhibition,Ligand-Ligand,Inhibitory
WNT5B,SFRP4,<a target='_blank' href='https://www.ncbi.nlm.nih.gov/pubmed/12775774'>12775774</a>,,Q9H1J7,Q6FHJ7,WNT5B_HUMAN,SFRP4_HUMAN,curated,PMID:12775774,True,RVentoTormo,,,,,Inhibition WNT. Soluble proteins,CellPhoneDBcore<=4.1,WNT5B-SFRP4,Signaling by WNT inhibition,Ligand-Ligand,Inhibitory
WNT5B,SFRP5,<a target='_blank' href='https://www.ncbi.nlm.nih.gov/pubmed/12775774'>12775774</a>,,Q9H1J7,Q5T4F7,WNT5B_HUMAN,SFRP5_HUMAN,curated,PMID:12775774,True,RVentoTormo,,,,,Inhibition WNT. Soluble proteins,CellPhoneDBcore<=4.1,WNT5B-SFRP5,Signaling by WNT inhibition,Ligand-Ligand,Inhibitory
WNT5B,WIF1,<a target='_blank' href='https://www.ncbi.nlm.nih.gov/pubmed/12775774'>12775774</a>,,Q9H1J7,Q9Y5W5,WNT5B_HUMAN,WIF1_HUMAN,curated,PMID:12775774,True,RVentoTormo,,,,,Inhibition WNT. Soluble proteins,CellPhoneDBcore<=4.1,WNT5B-WIF1,Signaling by WNT inhibition,Ligand-Ligand,Inhibitory
WNT6,CER1,<a target='_blank' href='https://www.ncbi.nlm.nih.gov/pubmed/10067895'>10067895</a>,,Q9Y6F9,O95813,WNT6_HUMAN,CER1_HUMAN,curated,PMID:10067895,True,RVentoTormo,,,,,Inhibition WNT. Soluble proteins,CellPhoneDBcore<=4.1,WNT6-CER1,Signaling by WNT inhibition,Ligand-Ligand,Inhibitory
WNT6,FRZB,<a target='_blank' href='https://www.ncbi.nlm.nih.gov/pubmed/12775774'>12775774</a>,,Q9Y6F9,Q92765,WNT6_HUMAN,SFRP3_HUMAN,curated,PMID:12775774,True,RVentoTormo,,,,,Inhibition WNT. Soluble proteins,CellPhoneDBcore<=4.1,WNT6-FRZB,Signaling by WNT inhibition,Ligand-Ligand,Inhibitory
WNT6,FZD1;LRP5,<a target='_blank' href='https://www.ncbi.nlm.nih.gov/pubmed/24532711'>24532711</a>,,Q9Y6F9,FZD1_LRP5,WNT6_HUMAN,,curated,PMID:24532711,True,RVentoTormo,,,,,low affinity interaction,CellPhoneDBcore<=4.1,WNT6-FZD1+LRP5,Signaling by WNT,Ligand-Receptor,
WNT6,FZD1;LRP6,<a target='_blank' href='https://www.ncbi.nlm.nih.gov/pubmed/24532711'>24532711</a>,,Q9Y6F9,FZD1_LRP6,WNT6_HUMAN,,curated,PMID:24532711,True,RVentoTormo,,,,,low affinity interaction,CellPhoneDBcore<=4.1,WNT6-FZD1+LRP6,Signaling by WNT,Ligand-Receptor,
WNT6,FZD10;LRP5,<a target='_blank' href='https://www.ncbi.nlm.nih.gov/pubmed/24532711'>24532711</a>,,Q9Y6F9,FZD10_LRP5,WNT6_HUMAN,,curated,PMID:24532711,True,RVentoTormo,,,,,low affinity interaction,CellPhoneDBcore<=4.1,WNT6-FZD10+LRP5,Signaling by WNT,Ligand-Receptor,
WNT6,FZD10;LRP6,<a target='_blank' href='https://www.ncbi.nlm.nih.gov/pubmed/24532711'>24532711</a>,,Q9Y6F9,FZD10_LRP6,WNT6_HUMAN,,curated,PMID:24532711,True,RVentoTormo,,,,,low affinity interaction,CellPhoneDBcore<=4.1,WNT6-FZD10+LRP6,Signaling by WNT,Ligand-Receptor,
WNT6,FZD2;LRP5,<a target='_blank' href='https://www.ncbi.nlm.nih.gov/pubmed/24532711'>24532711</a>,,Q9Y6F9,FZD2_LRP5,WNT6_HUMAN,,curated,PMID:24532711,True,RVentoTormo,,,,,low affinity interaction,CellPhoneDBcore<=4.1,WNT6-FZD2+LRP5,Signaling by WNT,Ligand-Receptor,
WNT6,FZD2;LRP6,<a target='_blank' href='https://www.ncbi.nlm.nih.gov/pubmed/24532711'>24532711</a>,,Q9Y6F9,FZD2_LRP6,WNT6_HUMAN,,curated,PMID:24532711,True,RVentoTormo,,,,,low affinity interaction,CellPhoneDBcore<=4.1,WNT6-FZD2+LRP6,Signaling by WNT,Ligand-Receptor,
WNT6,FZD9;LRP5,<a target='_blank' href='https://www.ncbi.nlm.nih.gov/pubmed/24532711'>24532711</a>,,Q9Y6F9,FZD3_LRP5,WNT6_HUMAN,,curated,PMID:24532711,True,RVentoTormo,,,,,low affinity interaction,CellPhoneDBcore<=4.1,WNT6-FZD3+LRP5,Signaling by WNT,Ligand-Receptor,
WNT6,FZD9;LRP6,<a target='_blank' href='https://www.ncbi.nlm.nih.gov/pubmed/24532711'>24532711</a>,,Q9Y6F9,FZD3_LRP6,WNT6_HUMAN,,curated,PMID:24532711,True,RVentoTormo,,,,,low affinity interaction,CellPhoneDBcore<=4.1,WNT6-FZD3+LRP6,Signaling by WNT,Ligand-Receptor,
WNT6,FZD4;LRP5,<a target='_blank' href='https://www.ncbi.nlm.nih.gov/pubmed/24532711'>24532711</a>,,Q9Y6F9,FZD4_LRP5,WNT6_HUMAN,,curated,PMID:24532711,True,RVentoTormo,,,,,low affinity interaction,CellPhoneDBcore<=4.1,WNT6-FZD4+LRP5,Signaling by WNT,Ligand-Receptor,
WNT6,FZD4;LRP6,<a target='_blank' href='https://www.ncbi.nlm.nih.gov/pubmed/24532711'>24532711</a>,,Q9Y6F9,FZD4_LRP6,WNT6_HUMAN,,curated,PMID:24532711,True,RVentoTormo,,,,,low affinity interaction,CellPhoneDBcore<=4.1,WNT6-FZD4+LRP6,Signaling by WNT,Ligand-Receptor,
WNT6,FZD5;LRP5,<a target='_blank' href='https://www.ncbi.nlm.nih.gov/pubmed/24532711'>24532711</a>,,Q9Y6F9,FZD5_LRP5,WNT6_HUMAN,,curated,PMID:24532711,True,RVentoTormo,,,,,low affinity interaction,CellPhoneDBcore<=4.1,WNT6-FZD5+LRP5,Signaling by WNT,Ligand-Receptor,
WNT6,FZD5;LRP6,<a target='_blank' href='https://www.ncbi.nlm.nih.gov/pubmed/24532711'>24532711</a>,,Q9Y6F9,FZD5_LRP6,WNT6_HUMAN,,curated,PMID:24532711,True,RVentoTormo,,,,,low affinity interaction,CellPhoneDBcore<=4.1,WNT6-FZD5+LRP6,Signaling by WNT,Ligand-Receptor,
WNT6,FZD6;LRP5,<a target='_blank' href='https://www.ncbi.nlm.nih.gov/pubmed/24532711'>24532711</a>,,Q9Y6F9,FZD6_LRP5,WNT6_HUMAN,,curated,PMID:24532711,True,RVentoTormo,,,,,low affinity interaction,CellPhoneDBcore<=4.1,WNT6-FZD6+LRP5,Signaling by WNT,Ligand-Receptor,
WNT6,FZD6;LRP6,<a target='_blank' href='https://www.ncbi.nlm.nih.gov/pubmed/24532711'>24532711</a>,,Q9Y6F9,FZD6_LRP6,WNT6_HUMAN,,curated,PMID:24532711,True,RVentoTormo,,,,,low affinity interaction,CellPhoneDBcore<=4.1,WNT6-FZD6+LRP6,Signaling by WNT,Ligand-Receptor,
WNT6,FZD7;LRP5,<a target='_blank' href='https://www.ncbi.nlm.nih.gov/pubmed/24532711'>24532711</a>,,Q9Y6F9,FZD7_LRP5,WNT6_HUMAN,,curated,PMID:24532711,True,RVentoTormo,,,,,low affinity interaction,CellPhoneDBcore<=4.1,WNT6-FZD7+LRP5,Signaling by WNT,Ligand-Receptor,
WNT6,FZD7;LRP6,<a target='_blank' href='https://www.ncbi.nlm.nih.gov/pubmed/24532711'>24532711</a>,,Q9Y6F9,FZD7_LRP6,WNT6_HUMAN,,curated,PMID:24532711,True,RVentoTormo,,,,,low affinity interaction,CellPhoneDBcore<=4.1,WNT6-FZD7+LRP6,Signaling by WNT,Ligand-Receptor,
WNT6,FZD8;LRP5,<a target='_blank' href='https://www.ncbi.nlm.nih.gov/pubmed/24532711'>24532711</a>,,Q9Y6F9,FZD8_LRP5,WNT6_HUMAN,,curated,PMID:24532711,True,RVentoTormo,,,,,low affinity interaction,CellPhoneDBcore<=4.1,WNT6-FZD8+LRP5,Signaling by WNT,Ligand-Receptor,
WNT6,FZD8;LRP6,<a target='_blank' href='https://www.ncbi.nlm.nih.gov/pubmed/24532711'>24532711</a>,,Q9Y6F9,FZD8_LRP6,WNT6_HUMAN,,curated,PMID:24532711,True,RVentoTormo,,,,,low affinity interaction,CellPhoneDBcore<=4.1,WNT6-FZD8+LRP6,Signaling by WNT,Ligand-Receptor,
WNT6,FZD9;LRP5,<a target='_blank' href='https://www.ncbi.nlm.nih.gov/pubmed/24532711'>24532711</a>,,Q9Y6F9,FZD9_LRP5,WNT6_HUMAN,,curated,PMID:24532711,True,RVentoTormo,,,,,low affinity interaction,CellPhoneDBcore<=4.1,WNT6-FZD9+LRP5,Signaling by WNT,Ligand-Receptor,
WNT6,FZD9;LRP6,<a target='_blank' href='https://www.ncbi.nlm.nih.gov/pubmed/24532711'>24532711</a>,,Q9Y6F9,FZD9_LRP6,WNT6_HUMAN,,curated,PMID:24532711,True,RVentoTormo,,,,,low affinity interaction,CellPhoneDBcore<=4.1,WNT6-FZD9+LRP6,Signaling by WNT,Ligand-Receptor,
WNT6,SFRP1,<a target='_blank' href='https://www.ncbi.nlm.nih.gov/pubmed/12775774'>12775774</a>,,Q9Y6F9,Q8N474,WNT6_HUMAN,SFRP1_HUMAN,curated,PMID:12775774,True,RVentoTormo,,,,,Inhibition WNT. Soluble proteins,CellPhoneDBcore<=4.1,WNT6-SFRP1,Signaling by WNT inhibition,Ligand-Ligand,Inhibitory
WNT6,SFRP2,<a target='_blank' href='https://www.ncbi.nlm.nih.gov/pubmed/12775774'>12775774</a>,,Q9Y6F9,Q96HF1,WNT6_HUMAN,SFRP2_HUMAN,curated,PMID:12775774,True,RVentoTormo,,,,,Inhibition WNT. Soluble proteins,CellPhoneDBcore<=4.1,WNT6-SFRP2,Signaling by WNT inhibition,Ligand-Ligand,Inhibitory
WNT6,SFRP4,<a target='_blank' href='https://www.ncbi.nlm.nih.gov/pubmed/12775774'>12775774</a>,,Q9Y6F9,Q6FHJ7,WNT6_HUMAN,SFRP4_HUMAN,curated,PMID:12775774,True,RVentoTormo,,,,,Inhibition WNT. Soluble proteins,CellPhoneDBcore<=4.1,WNT6-SFRP4,Signaling by WNT inhibition,Ligand-Ligand,Inhibitory
WNT6,SFRP5,<a target='_blank' href='https://www.ncbi.nlm.nih.gov/pubmed/12775774'>12775774</a>,,Q9Y6F9,Q5T4F7,WNT6_HUMAN,SFRP5_HUMAN,curated,PMID:12775774,True,RVentoTormo,,,,,Inhibition WNT. Soluble proteins,CellPhoneDBcore<=4.1,WNT6-SFRP5,Signaling by WNT inhibition,Ligand-Ligand,Inhibitory
WNT6,WIF1,<a target='_blank' href='https://www.ncbi.nlm.nih.gov/pubmed/12775774'>12775774</a>,,Q9Y6F9,Q9Y5W5,WNT6_HUMAN,WIF1_HUMAN,curated,PMID:12775774,True,RVentoTormo,,,,,Inhibition WNT. Soluble proteins,CellPhoneDBcore<=4.1,WNT6-WIF1,Signaling by WNT inhibition,Ligand-Ligand,Inhibitory
WNT7A,CER1,<a target='_blank' href='https://www.ncbi.nlm.nih.gov/pubmed/10067895'>10067895</a>,,O00755,O95813,WNT7A_HUMAN,CER1_HUMAN,curated,PMID:10067895,True,RVentoTormo,,,,,Inhibition WNT. Soluble proteins,CellPhoneDBcore<=4.1,WNT7A-CER1,Signaling by WNT inhibition,Ligand-Ligand,Inhibitory
WNT7A,FRZB,<a target='_blank' href='https://www.ncbi.nlm.nih.gov/pubmed/12775774'>12775774</a>,,O00755,Q92765,WNT7A_HUMAN,SFRP3_HUMAN,curated,PMID:12775774,True,RVentoTormo,,,,,Inhibition WNT. Soluble proteins,CellPhoneDBcore<=4.1,WNT7A-FRZB,Signaling by WNT inhibition,Ligand-Ligand,Inhibitory
WNT7A,FZD1;LRP5,<a target='_blank' href='https://www.ncbi.nlm.nih.gov/pubmed/24532711'>24532711</a>,,O00755,FZD1_LRP5,WNT7A_HUMAN,,curated,PMID:24532711,True,RVentoTormo,,,,,low affinity interaction,CellPhoneDBcore<=4.1,WNT7A-FZD1+LRP5,Signaling by WNT,Ligand-Receptor,
WNT7A,FZD1;LRP6,<a target='_blank' href='https://www.ncbi.nlm.nih.gov/pubmed/24532711'>24532711</a>,,O00755,FZD1_LRP6,WNT7A_HUMAN,,curated,PMID:24532711,True,RVentoTormo,,,,,low affinity interaction,CellPhoneDBcore<=4.1,WNT7A-FZD1+LRP6,Signaling by WNT,Ligand-Receptor,
WNT7A,FZD10;LRP5,<a target='_blank' href='https://www.ncbi.nlm.nih.gov/pubmed/24532711'>24532711</a>,,O00755,FZD10_LRP5,WNT7A_HUMAN,,curated,PMID:24532711,True,RVentoTormo,,,,,low affinity interaction,CellPhoneDBcore<=4.1,WNT7A-FZD10+LRP5,Signaling by WNT,Ligand-Receptor,
WNT7A,FZD10;LRP6,<a target='_blank' href='https://www.ncbi.nlm.nih.gov/pubmed/24532711'>24532711</a>,,O00755,FZD10_LRP6,WNT7A_HUMAN,,curated,PMID:24532711,True,RVentoTormo,,,,,low affinity interaction,CellPhoneDBcore<=4.1,WNT7A-FZD10+LRP6,Signaling by WNT,Ligand-Receptor,
WNT7A,FZD2;LRP5,<a target='_blank' href='https://www.ncbi.nlm.nih.gov/pubmed/24532711'>24532711</a>,,O00755,FZD2_LRP5,WNT7A_HUMAN,,curated,PMID:24532711,True,RVentoTormo,,,,,low affinity interaction,CellPhoneDBcore<=4.1,WNT7A-FZD2+LRP5,Signaling by WNT,Ligand-Receptor,
WNT7A,FZD2;LRP6,<a target='_blank' href='https://www.ncbi.nlm.nih.gov/pubmed/24532711'>24532711</a>,,O00755,FZD2_LRP6,WNT7A_HUMAN,,curated,PMID:24532711,True,RVentoTormo,,,,,low affinity interaction,CellPhoneDBcore<=4.1,WNT7A-FZD2+LRP6,Signaling by WNT,Ligand-Receptor,
WNT7A,FZD9;LRP5,<a target='_blank' href='https://www.ncbi.nlm.nih.gov/pubmed/24532711'>24532711</a>,,O00755,FZD3_LRP5,WNT7A_HUMAN,,curated,PMID:24532711,True,RVentoTormo,,,,,low affinity interaction,CellPhoneDBcore<=4.1,WNT7A-FZD3+LRP5,Signaling by WNT,Ligand-Receptor,
WNT7A,FZD9;LRP6,<a target='_blank' href='https://www.ncbi.nlm.nih.gov/pubmed/24532711'>24532711</a>,,O00755,FZD3_LRP6,WNT7A_HUMAN,,curated,PMID:24532711,True,RVentoTormo,,,,,low affinity interaction,CellPhoneDBcore<=4.1,WNT7A-FZD3+LRP6,Signaling by WNT,Ligand-Receptor,
WNT7A,FZD4;LRP5,<a target='_blank' href='https://www.ncbi.nlm.nih.gov/pubmed/24532711'>24532711</a>,,O00755,FZD4_LRP5,WNT7A_HUMAN,,curated,PMID:24532711,True,RVentoTormo,,,,,low affinity interaction,CellPhoneDBcore<=4.1,WNT7A-FZD4+LRP5,Signaling by WNT,Ligand-Receptor,
WNT7A,FZD4;LRP6,<a target='_blank' href='https://www.ncbi.nlm.nih.gov/pubmed/24532711'>24532711</a>,,O00755,FZD4_LRP6,WNT7A_HUMAN,,curated,PMID:24532711,True,RVentoTormo,,,,,low affinity interaction,CellPhoneDBcore<=4.1,WNT7A-FZD4+LRP6,Signaling by WNT,Ligand-Receptor,
WNT7A,FZD5;LRP5,<a target='_blank' href='https://www.ncbi.nlm.nih.gov/pubmed/24032637'>24032637</a>,,O00755,FZD5_LRP5,WNT7A_HUMAN,,curated,PMID:24032637,True,RVentoTormo,,,,,high affinity interaction,CellPhoneDBcore<=4.1,WNT7A-FZD5+LRP5,Signaling by WNT,Ligand-Receptor,
WNT7A,FZD5;LRP6,<a target='_blank' href='https://www.ncbi.nlm.nih.gov/pubmed/24032637'>24032637</a>,,O00755,FZD5_LRP6,WNT7A_HUMAN,,curated,PMID:24032637,True,RVentoTormo,,,,,high affinity interaction,CellPhoneDBcore<=4.1,WNT7A-FZD5+LRP6,Signaling by WNT,Ligand-Receptor,
WNT7A,FZD6;LRP5,<a target='_blank' href='https://www.ncbi.nlm.nih.gov/pubmed/24532711'>24532711</a>,,O00755,FZD6_LRP5,WNT7A_HUMAN,,curated,PMID:24532711,True,RVentoTormo,,,,,low affinity interaction,CellPhoneDBcore<=4.1,WNT7A-FZD6+LRP5,Signaling by WNT,Ligand-Receptor,
WNT7A,FZD6;LRP6,<a target='_blank' href='https://www.ncbi.nlm.nih.gov/pubmed/24532711'>24532711</a>,,O00755,FZD6_LRP6,WNT7A_HUMAN,,curated,PMID:24532711,True,RVentoTormo,,,,,low affinity interaction,CellPhoneDBcore<=4.1,WNT7A-FZD6+LRP6,Signaling by WNT,Ligand-Receptor,
WNT7A,FZD7;LRP5,<a target='_blank' href='https://www.ncbi.nlm.nih.gov/pubmed/24532711'>24532711</a>,,O00755,FZD7_LRP5,WNT7A_HUMAN,,curated,PMID:24532711,True,RVentoTormo,,,,,low affinity interaction,CellPhoneDBcore<=4.1,WNT7A-FZD7+LRP5,Signaling by WNT,Ligand-Receptor,
WNT7A,FZD7;LRP6,<a target='_blank' href='https://www.ncbi.nlm.nih.gov/pubmed/24532711'>24532711</a>,,O00755,FZD7_LRP6,WNT7A_HUMAN,,curated,PMID:24532711,True,RVentoTormo,,,,,low affinity interaction,CellPhoneDBcore<=4.1,WNT7A-FZD7+LRP6,Signaling by WNT,Ligand-Receptor,
WNT7A,FZD8;LRP5,<a target='_blank' href='https://www.ncbi.nlm.nih.gov/pubmed/24532711'>24532711</a>,,O00755,FZD8_LRP5,WNT7A_HUMAN,,curated,PMID:24532711,True,RVentoTormo,,,,,low affinity interaction,CellPhoneDBcore<=4.1,WNT7A-FZD8+LRP5,Signaling by WNT,Ligand-Receptor,
WNT7A,FZD8;LRP6,<a target='_blank' href='https://www.ncbi.nlm.nih.gov/pubmed/24532711'>24532711</a>,,O00755,FZD8_LRP6,WNT7A_HUMAN,,curated,PMID:24532711,True,RVentoTormo,,,,,low affinity interaction,CellPhoneDBcore<=4.1,WNT7A-FZD8+LRP6,Signaling by WNT,Ligand-Receptor,
WNT7A,FZD9;LRP5,<a target='_blank' href='https://www.ncbi.nlm.nih.gov/pubmed/24532711'>24532711</a>,,O00755,FZD9_LRP5,WNT7A_HUMAN,,curated,PMID:24532711,True,RVentoTormo,,,,,low affinity interaction,CellPhoneDBcore<=4.1,WNT7A-FZD9+LRP5,Signaling by WNT,Ligand-Receptor,
WNT7A,FZD9;LRP6,<a target='_blank' href='https://www.ncbi.nlm.nih.gov/pubmed/24532711'>24532711</a>,,O00755,FZD9_LRP6,WNT7A_HUMAN,,curated,PMID:24532711,True,RVentoTormo,,,,,low affinity interaction,CellPhoneDBcore<=4.1,WNT7A-FZD9+LRP6,Signaling by WNT,Ligand-Receptor,
WNT7A,SFRP1,<a target='_blank' href='https://www.ncbi.nlm.nih.gov/pubmed/12775774'>12775774</a>,,O00755,Q8N474,WNT7A_HUMAN,SFRP1_HUMAN,curated,PMID:12775774,True,RVentoTormo,,,,,Inhibition WNT. Soluble proteins,CellPhoneDBcore<=4.1,WNT7A-SFRP1,Signaling by WNT inhibition,Ligand-Ligand,Inhibitory
WNT7A,SFRP2,<a target='_blank' href='https://www.ncbi.nlm.nih.gov/pubmed/12775774'>12775774</a>,,O00755,Q96HF1,WNT7A_HUMAN,SFRP2_HUMAN,curated,PMID:12775774,True,RVentoTormo,,,,,Inhibition WNT. Soluble proteins,CellPhoneDBcore<=4.1,WNT7A-SFRP2,Signaling by WNT inhibition,Ligand-Ligand,Inhibitory
WNT7A,SFRP4,<a target='_blank' href='https://www.ncbi.nlm.nih.gov/pubmed/12775774'>12775774</a>,,O00755,Q6FHJ7,WNT7A_HUMAN,SFRP4_HUMAN,curated,PMID:12775774,True,RVentoTormo,,,,,Inhibition WNT. Soluble proteins,CellPhoneDBcore<=4.1,WNT7A-SFRP4,Signaling by WNT inhibition,Ligand-Ligand,Inhibitory
WNT7A,SFRP5,<a target='_blank' href='https://www.ncbi.nlm.nih.gov/pubmed/12775774'>12775774</a>,,O00755,Q5T4F7,WNT7A_HUMAN,SFRP5_HUMAN,curated,PMID:12775774,True,RVentoTormo,,,,,Inhibition WNT. Soluble proteins,CellPhoneDBcore<=4.1,WNT7A-SFRP5,Signaling by WNT inhibition,Ligand-Ligand,Inhibitory
WNT7A,WIF1,<a target='_blank' href='https://www.ncbi.nlm.nih.gov/pubmed/12775774'>12775774</a>,,O00755,Q9Y5W5,WNT7A_HUMAN,WIF1_HUMAN,curated,PMID:12775774,True,RVentoTormo,,,,,Inhibition WNT. Soluble proteins,CellPhoneDBcore<=4.1,WNT7A-WIF1,Signaling by WNT inhibition,Ligand-Ligand,Inhibitory
WNT7B,CER1,<a target='_blank' href='https://www.ncbi.nlm.nih.gov/pubmed/10067895'>10067895</a>,,P56706,O95813,WNT7B_HUMAN,CER1_HUMAN,curated,PMID:10067895,True,RVentoTormo,,,,,Inhibition WNT. Soluble proteins,CellPhoneDBcore<=4.1,WNT7B-CER1,Signaling by WNT inhibition,Ligand-Ligand,Inhibitory
WNT7B,FRZB,<a target='_blank' href='https://www.ncbi.nlm.nih.gov/pubmed/12775774'>12775774</a>,,P56706,Q92765,WNT7B_HUMAN,SFRP3_HUMAN,curated,PMID:12775774,True,RVentoTormo,,,,,Inhibition WNT. Soluble proteins,CellPhoneDBcore<=4.1,WNT7B-FRZB,Signaling by WNT inhibition,Ligand-Ligand,Inhibitory
WNT7B,FZD1;LRP5,<a target='_blank' href='https://www.ncbi.nlm.nih.gov/pubmed/24032637'>24032637</a>,,P56706,FZD1_LRP5,WNT7B_HUMAN,,curated,PMID:24032637,True,RVentoTormo,,,,,high affinity interaction,CellPhoneDBcore<=4.1,WNT7B-FZD1+LRP5,Signaling by WNT,Ligand-Receptor,
WNT7B,FZD1;LRP6,<a target='_blank' href='https://www.ncbi.nlm.nih.gov/pubmed/24032637'>24032637</a>,,P56706,FZD1_LRP6,WNT7B_HUMAN,,curated,PMID:24032637,True,RVentoTormo,,,,,high affinity interaction,CellPhoneDBcore<=4.1,WNT7B-FZD1+LRP6,Signaling by WNT,Ligand-Receptor,
WNT7B,FZD10;LRP5,<a target='_blank' href='https://www.ncbi.nlm.nih.gov/pubmed/24032637'>24032637</a>,,P56706,FZD10_LRP5,WNT7B_HUMAN,,curated,PMID:24032637,True,RVentoTormo,,,,,high affinity interaction,CellPhoneDBcore<=4.1,WNT7B-FZD10+LRP5,Signaling by WNT,Ligand-Receptor,
WNT7B,FZD10;LRP6,<a target='_blank' href='https://www.ncbi.nlm.nih.gov/pubmed/24032637'>24032637</a>,,P56706,FZD10_LRP6,WNT7B_HUMAN,,curated,PMID:24032637,True,RVentoTormo,,,,,high affinity interaction,CellPhoneDBcore<=4.1,WNT7B-FZD10+LRP6,Signaling by WNT,Ligand-Receptor,
WNT7B,FZD2;LRP5,<a target='_blank' href='https://www.ncbi.nlm.nih.gov/pubmed/24532711'>24532711</a>,,P56706,FZD2_LRP5,WNT7B_HUMAN,,curated,PMID:24532711,True,RVentoTormo,,,,,low affinity interaction,CellPhoneDBcore<=4.1,WNT7B-FZD2+LRP5,Signaling by WNT,Ligand-Receptor,
WNT7B,FZD2;LRP6,<a target='_blank' href='https://www.ncbi.nlm.nih.gov/pubmed/24532711'>24532711</a>,,P56706,FZD2_LRP6,WNT7B_HUMAN,,curated,PMID:24532711,True,RVentoTormo,,,,,low affinity interaction,CellPhoneDBcore<=4.1,WNT7B-FZD2+LRP6,Signaling by WNT,Ligand-Receptor,
WNT7B,FZD9;LRP5,<a target='_blank' href='https://www.ncbi.nlm.nih.gov/pubmed/24532711'>24532711</a>,,P56706,FZD3_LRP5,WNT7B_HUMAN,,curated,PMID:24532711,True,RVentoTormo,,,,,low affinity interaction,CellPhoneDBcore<=4.1,WNT7B-FZD3+LRP5,Signaling by WNT,Ligand-Receptor,
WNT7B,FZD9;LRP6,<a target='_blank' href='https://www.ncbi.nlm.nih.gov/pubmed/24532711'>24532711</a>,,P56706,FZD3_LRP6,WNT7B_HUMAN,,curated,PMID:24532711,True,RVentoTormo,,,,,low affinity interaction,CellPhoneDBcore<=4.1,WNT7B-FZD3+LRP6,Signaling by WNT,Ligand-Receptor,
WNT7B,FZD4;LRP5,<a target='_blank' href='https://www.ncbi.nlm.nih.gov/pubmed/24032637'>24032637</a>,,P56706,FZD4_LRP5,WNT7B_HUMAN,,curated,PMID:24032637,True,RVentoTormo,,,,,high affinity interaction,CellPhoneDBcore<=4.1,WNT7B-FZD4+LRP5,Signaling by WNT,Ligand-Receptor,
WNT7B,FZD4;LRP6,<a target='_blank' href='https://www.ncbi.nlm.nih.gov/pubmed/24032637'>24032637</a>,,P56706,FZD4_LRP6,WNT7B_HUMAN,,curated,PMID:24032637,True,RVentoTormo,,,,,high affinity interaction,CellPhoneDBcore<=4.1,WNT7B-FZD4+LRP6,Signaling by WNT,Ligand-Receptor,
WNT7B,FZD5;LRP5,<a target='_blank' href='https://www.ncbi.nlm.nih.gov/pubmed/24532711'>24532711</a>,,P56706,FZD5_LRP5,WNT7B_HUMAN,,curated,PMID:24532711,True,RVentoTormo,,,,,low affinity interaction,CellPhoneDBcore<=4.1,WNT7B-FZD5+LRP5,Signaling by WNT,Ligand-Receptor,
WNT7B,FZD5;LRP6,<a target='_blank' href='https://www.ncbi.nlm.nih.gov/pubmed/24532711'>24532711</a>,,P56706,FZD5_LRP6,WNT7B_HUMAN,,curated,PMID:24532711,True,RVentoTormo,,,,,low affinity interaction,CellPhoneDBcore<=4.1,WNT7B-FZD5+LRP6,Signaling by WNT,Ligand-Receptor,
WNT7B,FZD6;LRP5,<a target='_blank' href='https://www.ncbi.nlm.nih.gov/pubmed/24532711'>24532711</a>,,P56706,FZD6_LRP5,WNT7B_HUMAN,,curated,PMID:24532711,True,RVentoTormo,,,,,low affinity interaction,CellPhoneDBcore<=4.1,WNT7B-FZD6+LRP5,Signaling by WNT,Ligand-Receptor,
WNT7B,FZD6;LRP6,<a target='_blank' href='https://www.ncbi.nlm.nih.gov/pubmed/24532711'>24532711</a>,,P56706,FZD6_LRP6,WNT7B_HUMAN,,curated,PMID:24532711,True,RVentoTormo,,,,,low affinity interaction,CellPhoneDBcore<=4.1,WNT7B-FZD6+LRP6,Signaling by WNT,Ligand-Receptor,
WNT7B,FZD7;LRP5,<a target='_blank' href='https://www.ncbi.nlm.nih.gov/pubmed/24532711'>24532711</a>,,P56706,FZD7_LRP5,WNT7B_HUMAN,,curated,PMID:24532711,True,RVentoTormo,,,,,low affinity interaction,CellPhoneDBcore<=4.1,WNT7B-FZD7+LRP5,Signaling by WNT,Ligand-Receptor,
WNT7B,FZD7;LRP6,<a target='_blank' href='https://www.ncbi.nlm.nih.gov/pubmed/24532711'>24532711</a>,,P56706,FZD7_LRP6,WNT7B_HUMAN,,curated,PMID:24532711,True,RVentoTormo,,,,,low affinity interaction,CellPhoneDBcore<=4.1,WNT7B-FZD7+LRP6,Signaling by WNT,Ligand-Receptor,
WNT7B,FZD8;LRP5,<a target='_blank' href='https://www.ncbi.nlm.nih.gov/pubmed/24532711'>24532711</a>,,P56706,FZD8_LRP5,WNT7B_HUMAN,,curated,PMID:24532711,True,RVentoTormo,,,,,low affinity interaction,CellPhoneDBcore<=4.1,WNT7B-FZD8+LRP5,Signaling by WNT,Ligand-Receptor,
WNT7B,FZD8;LRP6,<a target='_blank' href='https://www.ncbi.nlm.nih.gov/pubmed/24532711'>24532711</a>,,P56706,FZD8_LRP6,WNT7B_HUMAN,,curated,PMID:24532711,True,RVentoTormo,,,,,low affinity interaction,CellPhoneDBcore<=4.1,WNT7B-FZD8+LRP6,Signaling by WNT,Ligand-Receptor,
WNT7B,FZD9;LRP5,<a target='_blank' href='https://www.ncbi.nlm.nih.gov/pubmed/24532711'>24532711</a>,,P56706,FZD9_LRP5,WNT7B_HUMAN,,curated,PMID:24532711,True,RVentoTormo,,,,,low affinity interaction,CellPhoneDBcore<=4.1,WNT7B-FZD9+LRP5,Signaling by WNT,Ligand-Receptor,
WNT7B,FZD9;LRP6,<a target='_blank' href='https://www.ncbi.nlm.nih.gov/pubmed/24532711'>24532711</a>,,P56706,FZD9_LRP6,WNT7B_HUMAN,,curated,PMID:24532711,True,RVentoTormo,,,,,low affinity interaction,CellPhoneDBcore<=4.1,WNT7B-FZD9+LRP6,Signaling by WNT,Ligand-Receptor,
WNT7B,SFRP1,<a target='_blank' href='https://www.ncbi.nlm.nih.gov/pubmed/12775774'>12775774</a>,,P56706,Q8N474,WNT7B_HUMAN,SFRP1_HUMAN,curated,PMID:12775774,True,RVentoTormo,,,,,Inhibition WNT. Soluble proteins,CellPhoneDBcore<=4.1,WNT7B-SFRP1,Signaling by WNT inhibition,Ligand-Ligand,Inhibitory
WNT7B,SFRP2,<a target='_blank' href='https://www.ncbi.nlm.nih.gov/pubmed/12775774'>12775774</a>,,P56706,Q96HF1,WNT7B_HUMAN,SFRP2_HUMAN,curated,PMID:12775774,True,RVentoTormo,,,,,Inhibition WNT. Soluble proteins,CellPhoneDBcore<=4.1,WNT7B-SFRP2,Signaling by WNT inhibition,Ligand-Ligand,Inhibitory
WNT7B,SFRP4,<a target='_blank' href='https://www.ncbi.nlm.nih.gov/pubmed/12775774'>12775774</a>,,P56706,Q6FHJ7,WNT7B_HUMAN,SFRP4_HUMAN,curated,PMID:12775774,True,RVentoTormo,,,,,Inhibition WNT. Soluble proteins,CellPhoneDBcore<=4.1,WNT7B-SFRP4,Signaling by WNT inhibition,Ligand-Ligand,Inhibitory
WNT7B,SFRP5,<a target='_blank' href='https://www.ncbi.nlm.nih.gov/pubmed/12775774'>12775774</a>,,P56706,Q5T4F7,WNT7B_HUMAN,SFRP5_HUMAN,curated,PMID:12775774,True,RVentoTormo,,,,,Inhibition WNT. Soluble proteins,CellPhoneDBcore<=4.1,WNT7B-SFRP5,Signaling by WNT inhibition,Ligand-Ligand,Inhibitory
WNT7B,WIF1,<a target='_blank' href='https://www.ncbi.nlm.nih.gov/pubmed/12775774'>12775774</a>,,P56706,Q9Y5W5,WNT7B_HUMAN,WIF1_HUMAN,curated,PMID:12775774,True,RVentoTormo,,,,,Inhibition WNT. Soluble proteins,CellPhoneDBcore<=4.1,WNT7B-WIF1,Signaling by WNT inhibition,Ligand-Ligand,Inhibitory
WNT8A,CER1,<a target='_blank' href='https://www.ncbi.nlm.nih.gov/pubmed/10067895'>10067895</a>,,Q9H1J5,O95813,WNT8A_HUMAN,CER1_HUMAN,curated,PMID:10067895,True,RVentoTormo,,,,,Inhibition WNT. Soluble proteins,CellPhoneDBcore<=4.1,WNT8A-CER1,Signaling by WNT inhibition,Ligand-Ligand,Inhibitory
WNT8A,FRZB,<a target='_blank' href='https://www.ncbi.nlm.nih.gov/pubmed/12775774'>12775774</a>,,Q9H1J5,Q92765,WNT8A_HUMAN,SFRP3_HUMAN,curated,PMID:12775774,True,RVentoTormo,,,,,Inhibition WNT. Soluble proteins,CellPhoneDBcore<=4.1,WNT8A-FRZB,Signaling by WNT inhibition,Ligand-Ligand,Inhibitory
WNT8A,FZD1;LRP5,<a target='_blank' href='https://www.ncbi.nlm.nih.gov/pubmed/24532711'>24532711</a>,,Q9H1J5,FZD1_LRP5,WNT8A_HUMAN,,curated,PMID:24532711,True,RVentoTormo,,,,,low affinity interaction,CellPhoneDBcore<=4.1,WNT8A-FZD1+LRP5,Signaling by WNT,Ligand-Receptor,
WNT8A,FZD1;LRP6,<a target='_blank' href='https://www.ncbi.nlm.nih.gov/pubmed/24532711'>24532711</a>,,Q9H1J5,FZD1_LRP6,WNT8A_HUMAN,,curated,PMID:24532711,True,RVentoTormo,,,,,low affinity interaction,CellPhoneDBcore<=4.1,WNT8A-FZD1+LRP6,Signaling by WNT,Ligand-Receptor,
WNT8A,FZD10;LRP5,<a target='_blank' href='https://www.ncbi.nlm.nih.gov/pubmed/24532711'>24532711</a>,,Q9H1J5,FZD10_LRP5,WNT8A_HUMAN,,curated,PMID:24532711,True,RVentoTormo,,,,,low affinity interaction,CellPhoneDBcore<=4.1,WNT8A-FZD10+LRP5,Signaling by WNT,Ligand-Receptor,
WNT8A,FZD10;LRP6,<a target='_blank' href='https://www.ncbi.nlm.nih.gov/pubmed/24532711'>24532711</a>,,Q9H1J5,FZD10_LRP6,WNT8A_HUMAN,,curated,PMID:24532711,True,RVentoTormo,,,,,low affinity interaction,CellPhoneDBcore<=4.1,WNT8A-FZD10+LRP6,Signaling by WNT,Ligand-Receptor,
WNT8A,FZD2;LRP5,<a target='_blank' href='https://www.ncbi.nlm.nih.gov/pubmed/24532711'>24532711</a>,,Q9H1J5,FZD2_LRP5,WNT8A_HUMAN,,curated,PMID:24532711,True,RVentoTormo,,,,,low affinity interaction,CellPhoneDBcore<=4.1,WNT8A-FZD2+LRP5,Signaling by WNT,Ligand-Receptor,
WNT8A,FZD2;LRP6,<a target='_blank' href='https://www.ncbi.nlm.nih.gov/pubmed/24532711'>24532711</a>,,Q9H1J5,FZD2_LRP6,WNT8A_HUMAN,,curated,PMID:24532711,True,RVentoTormo,,,,,low affinity interaction,CellPhoneDBcore<=4.1,WNT8A-FZD2+LRP6,Signaling by WNT,Ligand-Receptor,
WNT8A,FZD9;LRP5,<a target='_blank' href='https://www.ncbi.nlm.nih.gov/pubmed/24532711'>24532711</a>,,Q9H1J5,FZD3_LRP5,WNT8A_HUMAN,,curated,PMID:24532711,True,RVentoTormo,,,,,low affinity interaction,CellPhoneDBcore<=4.1,WNT8A-FZD3+LRP5,Signaling by WNT,Ligand-Receptor,
WNT8A,FZD9;LRP6,<a target='_blank' href='https://www.ncbi.nlm.nih.gov/pubmed/24532711'>24532711</a>,,Q9H1J5,FZD3_LRP6,WNT8A_HUMAN,,curated,PMID:24532711,True,RVentoTormo,,,,,low affinity interaction,CellPhoneDBcore<=4.1,WNT8A-FZD3+LRP6,Signaling by WNT,Ligand-Receptor,
WNT8A,FZD4;LRP5,<a target='_blank' href='https://www.ncbi.nlm.nih.gov/pubmed/24532711'>24532711</a>,,Q9H1J5,FZD4_LRP5,WNT8A_HUMAN,,curated,PMID:24532711,True,RVentoTormo,,,,,low affinity interaction,CellPhoneDBcore<=4.1,WNT8A-FZD4+LRP5,Signaling by WNT,Ligand-Receptor,
WNT8A,FZD4;LRP6,<a target='_blank' href='https://www.ncbi.nlm.nih.gov/pubmed/24532711'>24532711</a>,,Q9H1J5,FZD4_LRP6,WNT8A_HUMAN,,curated,PMID:24532711,True,RVentoTormo,,,,,low affinity interaction,CellPhoneDBcore<=4.1,WNT8A-FZD4+LRP6,Signaling by WNT,Ligand-Receptor,
WNT8A,FZD5;LRP5,<a target='_blank' href='https://www.ncbi.nlm.nih.gov/pubmed/24532711'>24532711</a>,,Q9H1J5,FZD5_LRP5,WNT8A_HUMAN,,curated,PMID:24532711,True,RVentoTormo,,,,,low affinity interaction,CellPhoneDBcore<=4.1,WNT8A-FZD5+LRP5,Signaling by WNT,Ligand-Receptor,
WNT8A,FZD5;LRP6,<a target='_blank' href='https://www.ncbi.nlm.nih.gov/pubmed/24532711'>24532711</a>,,Q9H1J5,FZD5_LRP6,WNT8A_HUMAN,,curated,PMID:24532711,True,RVentoTormo,,,,,low affinity interaction,CellPhoneDBcore<=4.1,WNT8A-FZD5+LRP6,Signaling by WNT,Ligand-Receptor,
WNT8A,FZD6;LRP5,<a target='_blank' href='https://www.ncbi.nlm.nih.gov/pubmed/24532711'>24532711</a>,,Q9H1J5,FZD6_LRP5,WNT8A_HUMAN,,curated,PMID:24532711,True,RVentoTormo,,,,,low affinity interaction,CellPhoneDBcore<=4.1,WNT8A-FZD6+LRP5,Signaling by WNT,Ligand-Receptor,
WNT8A,FZD6;LRP6,<a target='_blank' href='https://www.ncbi.nlm.nih.gov/pubmed/24532711'>24532711</a>,,Q9H1J5,FZD6_LRP6,WNT8A_HUMAN,,curated,PMID:24532711,True,RVentoTormo,,,,,low affinity interaction,CellPhoneDBcore<=4.1,WNT8A-FZD6+LRP6,Signaling by WNT,Ligand-Receptor,
WNT8A,FZD7;LRP5,<a target='_blank' href='https://www.ncbi.nlm.nih.gov/pubmed/24532711'>24532711</a>,,Q9H1J5,FZD7_LRP5,WNT8A_HUMAN,,curated,PMID:24532711,True,RVentoTormo,,,,,low affinity interaction,CellPhoneDBcore<=4.1,WNT8A-FZD7+LRP5,Signaling by WNT,Ligand-Receptor,
WNT8A,FZD7;LRP6,<a target='_blank' href='https://www.ncbi.nlm.nih.gov/pubmed/24532711'>24532711</a>,,Q9H1J5,FZD7_LRP6,WNT8A_HUMAN,,curated,PMID:24532711,True,RVentoTormo,,,,,low affinity interaction,CellPhoneDBcore<=4.1,WNT8A-FZD7+LRP6,Signaling by WNT,Ligand-Receptor,
WNT8A,FZD8;LRP5,<a target='_blank' href='https://www.ncbi.nlm.nih.gov/pubmed/24532711'>24532711</a>,,Q9H1J5,FZD8_LRP5,WNT8A_HUMAN,,curated,PMID:24532711,True,RVentoTormo,,,,,low affinity interaction,CellPhoneDBcore<=4.1,WNT8A-FZD8+LRP5,Signaling by WNT,Ligand-Receptor,
WNT8A,FZD8;LRP6,<a target='_blank' href='https://www.ncbi.nlm.nih.gov/pubmed/24532711'>24532711</a>,,Q9H1J5,FZD8_LRP6,WNT8A_HUMAN,,curated,PMID:24532711,True,RVentoTormo,,,,,low affinity interaction,CellPhoneDBcore<=4.1,WNT8A-FZD8+LRP6,Signaling by WNT,Ligand-Receptor,
WNT8A,FZD9;LRP5,<a target='_blank' href='https://www.ncbi.nlm.nih.gov/pubmed/24532711'>24532711</a>,,Q9H1J5,FZD9_LRP5,WNT8A_HUMAN,,curated,PMID:24532711,True,RVentoTormo,,,,,low affinity interaction,CellPhoneDBcore<=4.1,WNT8A-FZD9+LRP5,Signaling by WNT,Ligand-Receptor,
WNT8A,FZD9;LRP6,<a target='_blank' href='https://www.ncbi.nlm.nih.gov/pubmed/24532711'>24532711</a>,,Q9H1J5,FZD9_LRP6,WNT8A_HUMAN,,curated,PMID:24532711,True,RVentoTormo,,,,,low affinity interaction,CellPhoneDBcore<=4.1,WNT8A-FZD9+LRP6,Signaling by WNT,Ligand-Receptor,
WNT8A,SFRP1,<a target='_blank' href='https://www.ncbi.nlm.nih.gov/pubmed/12775774'>12775774</a>,,Q9H1J5,Q8N474,WNT8A_HUMAN,SFRP1_HUMAN,curated,PMID:12775774,True,RVentoTormo,,,,,Inhibition WNT. Soluble proteins,CellPhoneDBcore<=4.1,WNT8A-SFRP1,Signaling by WNT inhibition,Ligand-Ligand,Inhibitory
WNT8A,SFRP2,<a target='_blank' href='https://www.ncbi.nlm.nih.gov/pubmed/12775774'>12775774</a>,,Q9H1J5,Q96HF1,WNT8A_HUMAN,SFRP2_HUMAN,curated,PMID:12775774,True,RVentoTormo,,,,,Inhibition WNT. Soluble proteins,CellPhoneDBcore<=4.1,WNT8A-SFRP2,Signaling by WNT inhibition,Ligand-Ligand,Inhibitory
WNT8A,SFRP4,<a target='_blank' href='https://www.ncbi.nlm.nih.gov/pubmed/12775774'>12775774</a>,,Q9H1J5,Q6FHJ7,WNT8A_HUMAN,SFRP4_HUMAN,curated,PMID:12775774,True,RVentoTormo,,,,,Inhibition WNT. Soluble proteins,CellPhoneDBcore<=4.1,WNT8A-SFRP4,Signaling by WNT inhibition,Ligand-Ligand,Inhibitory
WNT8A,SFRP5,<a target='_blank' href='https://www.ncbi.nlm.nih.gov/pubmed/12775774'>12775774</a>,,Q9H1J5,Q5T4F7,WNT8A_HUMAN,SFRP5_HUMAN,curated,PMID:12775774,True,RVentoTormo,,,,,Inhibition WNT. Soluble proteins,CellPhoneDBcore<=4.1,WNT8A-SFRP5,Signaling by WNT inhibition,Ligand-Ligand,Inhibitory
WNT8A,WIF1,<a target='_blank' href='https://www.ncbi.nlm.nih.gov/pubmed/12775774'>12775774</a>,,Q9H1J5,Q9Y5W5,WNT8A_HUMAN,WIF1_HUMAN,curated,PMID:12775774,True,RVentoTormo,,,,,Inhibition WNT. Soluble proteins,CellPhoneDBcore<=4.1,WNT8A-WIF1,Signaling by WNT inhibition,Ligand-Ligand,Inhibitory
WNT8B,CER1,<a target='_blank' href='https://www.ncbi.nlm.nih.gov/pubmed/10067895'>10067895</a>,,Q93098,O95813,WNT8B_HUMAN,CER1_HUMAN,curated,PMID:10067895,True,RVentoTormo,,,,,Inhibition WNT. Soluble proteins,CellPhoneDBcore<=4.1,WNT8B-CER1,Signaling by WNT inhibition,Ligand-Ligand,Inhibitory
WNT8B,FRZB,<a target='_blank' href='https://www.ncbi.nlm.nih.gov/pubmed/12775774'>12775774</a>,,Q93098,Q92765,WNT8B_HUMAN,SFRP3_HUMAN,curated,PMID:12775774,True,RVentoTormo,,,,,Inhibition WNT. Soluble proteins,CellPhoneDBcore<=4.1,WNT8B-FRZB,Signaling by WNT inhibition,Ligand-Ligand,Inhibitory
WNT8B,FZD1;LRP5,<a target='_blank' href='https://www.ncbi.nlm.nih.gov/pubmed/24532711'>24532711</a>,,Q93098,FZD1_LRP5,WNT8B_HUMAN,,curated,PMID:24532711,True,RVentoTormo,,,,,low affinity interaction,CellPhoneDBcore<=4.1,WNT8B-FZD1+LRP5,Signaling by WNT,Ligand-Receptor,
WNT8B,FZD1;LRP6,<a target='_blank' href='https://www.ncbi.nlm.nih.gov/pubmed/24532711'>24532711</a>,,Q93098,FZD1_LRP6,WNT8B_HUMAN,,curated,PMID:24532711,True,RVentoTormo,,,,,low affinity interaction,CellPhoneDBcore<=4.1,WNT8B-FZD1+LRP6,Signaling by WNT,Ligand-Receptor,
WNT8B,FZD10;LRP5,<a target='_blank' href='https://www.ncbi.nlm.nih.gov/pubmed/24532711'>24532711</a>,,Q93098,FZD10_LRP5,WNT8B_HUMAN,,curated,PMID:24532711,True,RVentoTormo,,,,,low affinity interaction,CellPhoneDBcore<=4.1,WNT8B-FZD10+LRP5,Signaling by WNT,Ligand-Receptor,
WNT8B,FZD10;LRP6,<a target='_blank' href='https://www.ncbi.nlm.nih.gov/pubmed/24532711'>24532711</a>,,Q93098,FZD10_LRP6,WNT8B_HUMAN,,curated,PMID:24532711,True,RVentoTormo,,,,,low affinity interaction,CellPhoneDBcore<=4.1,WNT8B-FZD10+LRP6,Signaling by WNT,Ligand-Receptor,
WNT8B,FZD2;LRP5,<a target='_blank' href='https://www.ncbi.nlm.nih.gov/pubmed/24532711'>24532711</a>,,Q93098,FZD2_LRP5,WNT8B_HUMAN,,curated,PMID:24532711,True,RVentoTormo,,,,,low affinity interaction,CellPhoneDBcore<=4.1,WNT8B-FZD2+LRP5,Signaling by WNT,Ligand-Receptor,
WNT8B,FZD2;LRP6,<a target='_blank' href='https://www.ncbi.nlm.nih.gov/pubmed/24532711'>24532711</a>,,Q93098,FZD2_LRP6,WNT8B_HUMAN,,curated,PMID:24532711,True,RVentoTormo,,,,,low affinity interaction,CellPhoneDBcore<=4.1,WNT8B-FZD2+LRP6,Signaling by WNT,Ligand-Receptor,
WNT8B,FZD9;LRP5,<a target='_blank' href='https://www.ncbi.nlm.nih.gov/pubmed/24532711'>24532711</a>,,Q93098,FZD3_LRP5,WNT8B_HUMAN,,curated,PMID:24532711,True,RVentoTormo,,,,,low affinity interaction,CellPhoneDBcore<=4.1,WNT8B-FZD3+LRP5,Signaling by WNT,Ligand-Receptor,
WNT8B,FZD9;LRP6,<a target='_blank' href='https://www.ncbi.nlm.nih.gov/pubmed/24532711'>24532711</a>,,Q93098,FZD3_LRP6,WNT8B_HUMAN,,curated,PMID:24532711,True,RVentoTormo,,,,,low affinity interaction,CellPhoneDBcore<=4.1,WNT8B-FZD3+LRP6,Signaling by WNT,Ligand-Receptor,
WNT8B,FZD4;LRP5,<a target='_blank' href='https://www.ncbi.nlm.nih.gov/pubmed/24532711'>24532711</a>,,Q93098,FZD4_LRP5,WNT8B_HUMAN,,curated,PMID:24532711,True,RVentoTormo,,,,,low affinity interaction,CellPhoneDBcore<=4.1,WNT8B-FZD4+LRP5,Signaling by WNT,Ligand-Receptor,
WNT8B,FZD4;LRP6,<a target='_blank' href='https://www.ncbi.nlm.nih.gov/pubmed/24532711'>24532711</a>,,Q93098,FZD4_LRP6,WNT8B_HUMAN,,curated,PMID:24532711,True,RVentoTormo,,,,,low affinity interaction,CellPhoneDBcore<=4.1,WNT8B-FZD4+LRP6,Signaling by WNT,Ligand-Receptor,
WNT8B,FZD5;LRP5,<a target='_blank' href='https://www.ncbi.nlm.nih.gov/pubmed/24532711'>24532711</a>,,Q93098,FZD5_LRP5,WNT8B_HUMAN,,curated,PMID:24532711,True,RVentoTormo,,,,,low affinity interaction,CellPhoneDBcore<=4.1,WNT8B-FZD5+LRP5,Signaling by WNT,Ligand-Receptor,
WNT8B,FZD5;LRP6,<a target='_blank' href='https://www.ncbi.nlm.nih.gov/pubmed/24532711'>24532711</a>,,Q93098,FZD5_LRP6,WNT8B_HUMAN,,curated,PMID:24532711,True,RVentoTormo,,,,,low affinity interaction,CellPhoneDBcore<=4.1,WNT8B-FZD5+LRP6,Signaling by WNT,Ligand-Receptor,
WNT8B,FZD6;LRP5,<a target='_blank' href='https://www.ncbi.nlm.nih.gov/pubmed/24532711'>24532711</a>,,Q93098,FZD6_LRP5,WNT8B_HUMAN,,curated,PMID:24532711,True,RVentoTormo,,,,,low affinity interaction,CellPhoneDBcore<=4.1,WNT8B-FZD6+LRP5,Signaling by WNT,Ligand-Receptor,
WNT8B,FZD6;LRP6,<a target='_blank' href='https://www.ncbi.nlm.nih.gov/pubmed/24532711'>24532711</a>,,Q93098,FZD6_LRP6,WNT8B_HUMAN,,curated,PMID:24532711,True,RVentoTormo,,,,,low affinity interaction,CellPhoneDBcore<=4.1,WNT8B-FZD6+LRP6,Signaling by WNT,Ligand-Receptor,
WNT8B,FZD7;LRP5,<a target='_blank' href='https://www.ncbi.nlm.nih.gov/pubmed/24532711'>24532711</a>,,Q93098,FZD7_LRP5,WNT8B_HUMAN,,curated,PMID:24532711,True,RVentoTormo,,,,,low affinity interaction,CellPhoneDBcore<=4.1,WNT8B-FZD7+LRP5,Signaling by WNT,Ligand-Receptor,
WNT8B,FZD7;LRP6,<a target='_blank' href='https://www.ncbi.nlm.nih.gov/pubmed/24532711'>24532711</a>,,Q93098,FZD7_LRP6,WNT8B_HUMAN,,curated,PMID:24532711,True,RVentoTormo,,,,,low affinity interaction,CellPhoneDBcore<=4.1,WNT8B-FZD7+LRP6,Signaling by WNT,Ligand-Receptor,
WNT8B,FZD8;LRP5,<a target='_blank' href='https://www.ncbi.nlm.nih.gov/pubmed/24532711'>24532711</a>,,Q93098,FZD8_LRP5,WNT8B_HUMAN,,curated,PMID:24532711,True,RVentoTormo,,,,,low affinity interaction,CellPhoneDBcore<=4.1,WNT8B-FZD8+LRP5,Signaling by WNT,Ligand-Receptor,
WNT8B,FZD8;LRP6,<a target='_blank' href='https://www.ncbi.nlm.nih.gov/pubmed/24532711'>24532711</a>,,Q93098,FZD8_LRP6,WNT8B_HUMAN,,curated,PMID:24532711,True,RVentoTormo,,,,,low affinity interaction,CellPhoneDBcore<=4.1,WNT8B-FZD8+LRP6,Signaling by WNT,Ligand-Receptor,
WNT8B,FZD9;LRP5,<a target='_blank' href='https://www.ncbi.nlm.nih.gov/pubmed/24532711'>24532711</a>,,Q93098,FZD9_LRP5,WNT8B_HUMAN,,curated,PMID:24532711,True,RVentoTormo,,,,,low affinity interaction,CellPhoneDBcore<=4.1,WNT8B-FZD9+LRP5,Signaling by WNT,Ligand-Receptor,
WNT8B,FZD9;LRP6,<a target='_blank' href='https://www.ncbi.nlm.nih.gov/pubmed/24532711'>24532711</a>,,Q93098,FZD9_LRP6,WNT8B_HUMAN,,curated,PMID:24532711,True,RVentoTormo,,,,,low affinity interaction,CellPhoneDBcore<=4.1,WNT8B-FZD9+LRP6,Signaling by WNT,Ligand-Receptor,
WNT8B,SFRP1,<a target='_blank' href='https://www.ncbi.nlm.nih.gov/pubmed/12775774'>12775774</a>,,Q93098,Q8N474,WNT8B_HUMAN,SFRP1_HUMAN,curated,PMID:12775774,True,RVentoTormo,,,,,Inhibition WNT. Soluble proteins,CellPhoneDBcore<=4.1,WNT8B-SFRP1,Signaling by WNT inhibition,Ligand-Ligand,Inhibitory
WNT8B,SFRP2,<a target='_blank' href='https://www.ncbi.nlm.nih.gov/pubmed/12775774'>12775774</a>,,Q93098,Q96HF1,WNT8B_HUMAN,SFRP2_HUMAN,curated,PMID:12775774,True,RVentoTormo,,,,,Inhibition WNT. Soluble proteins,CellPhoneDBcore<=4.1,WNT8B-SFRP2,Signaling by WNT inhibition,Ligand-Ligand,Inhibitory
WNT8B,SFRP4,<a target='_blank' href='https://www.ncbi.nlm.nih.gov/pubmed/12775774'>12775774</a>,,Q93098,Q6FHJ7,WNT8B_HUMAN,SFRP4_HUMAN,curated,PMID:12775774,True,RVentoTormo,,,,,Inhibition WNT. Soluble proteins,CellPhoneDBcore<=4.1,WNT8B-SFRP4,Signaling by WNT inhibition,Ligand-Ligand,Inhibitory
WNT8B,SFRP5,<a target='_blank' href='https://www.ncbi.nlm.nih.gov/pubmed/12775774'>12775774</a>,,Q93098,Q5T4F7,WNT8B_HUMAN,SFRP5_HUMAN,curated,PMID:12775774,True,RVentoTormo,,,,,Inhibition WNT. Soluble proteins,CellPhoneDBcore<=4.1,WNT8B-SFRP5,Signaling by WNT inhibition,Ligand-Ligand,Inhibitory
WNT8B,WIF1,<a target='_blank' href='https://www.ncbi.nlm.nih.gov/pubmed/12775774'>12775774</a>,,Q93098,Q9Y5W5,WNT8B_HUMAN,WIF1_HUMAN,curated,PMID:12775774,True,RVentoTormo,,,,,Inhibition WNT. Soluble proteins,CellPhoneDBcore<=4.1,WNT8B-WIF1,Signaling by WNT inhibition,Ligand-Ligand,Inhibitory
WNT9A,CER1,<a target='_blank' href='https://www.ncbi.nlm.nih.gov/pubmed/10067895'>10067895</a>,,O14904,O95813,WNT9A_HUMAN,CER1_HUMAN,curated,PMID:10067895,True,RVentoTormo,,,,,Inhibition WNT. Soluble proteins,CellPhoneDBcore<=4.1,WNT9A-CER1,Signaling by WNT inhibition,Ligand-Ligand,Inhibitory
WNT9A,FRZB,<a target='_blank' href='https://www.ncbi.nlm.nih.gov/pubmed/12775774'>12775774</a>,,O14904,Q92765,WNT9A_HUMAN,SFRP3_HUMAN,curated,PMID:12775774,True,RVentoTormo,,,,,Inhibition WNT. Soluble proteins,CellPhoneDBcore<=4.1,WNT9A-FRZB,Signaling by WNT inhibition,Ligand-Ligand,Inhibitory
WNT9A,FZD1;LRP5,<a target='_blank' href='https://www.ncbi.nlm.nih.gov/pubmed/24532711'>24532711</a>,,O14904,FZD1_LRP5,WNT9A_HUMAN,,curated,PMID:24532711,True,RVentoTormo,,,,,low affinity interaction,CellPhoneDBcore<=4.1,WNT9A-FZD1+LRP5,Signaling by WNT,Ligand-Receptor,
WNT9A,FZD1;LRP6,<a target='_blank' href='https://www.ncbi.nlm.nih.gov/pubmed/24532711'>24532711</a>,,O14904,FZD1_LRP6,WNT9A_HUMAN,,curated,PMID:24532711,True,RVentoTormo,,,,,low affinity interaction,CellPhoneDBcore<=4.1,WNT9A-FZD1+LRP6,Signaling by WNT,Ligand-Receptor,
WNT9A,FZD10;LRP5,<a target='_blank' href='https://www.ncbi.nlm.nih.gov/pubmed/24532711'>24532711</a>,,O14904,FZD10_LRP5,WNT9A_HUMAN,,curated,PMID:24532711,True,RVentoTormo,,,,,low affinity interaction,CellPhoneDBcore<=4.1,WNT9A-FZD10+LRP5,Signaling by WNT,Ligand-Receptor,
WNT9A,FZD10;LRP6,<a target='_blank' href='https://www.ncbi.nlm.nih.gov/pubmed/24532711'>24532711</a>,,O14904,FZD10_LRP6,WNT9A_HUMAN,,curated,PMID:24532711,True,RVentoTormo,,,,,low affinity interaction,CellPhoneDBcore<=4.1,WNT9A-FZD10+LRP6,Signaling by WNT,Ligand-Receptor,
WNT9A,FZD2;LRP5,<a target='_blank' href='https://www.ncbi.nlm.nih.gov/pubmed/24532711'>24532711</a>,,O14904,FZD2_LRP5,WNT9A_HUMAN,,curated,PMID:24532711,True,RVentoTormo,,,,,low affinity interaction,CellPhoneDBcore<=4.1,WNT9A-FZD2+LRP5,Signaling by WNT,Ligand-Receptor,
WNT9A,FZD2;LRP6,<a target='_blank' href='https://www.ncbi.nlm.nih.gov/pubmed/24532711'>24532711</a>,,O14904,FZD2_LRP6,WNT9A_HUMAN,,curated,PMID:24532711,True,RVentoTormo,,,,,low affinity interaction,CellPhoneDBcore<=4.1,WNT9A-FZD2+LRP6,Signaling by WNT,Ligand-Receptor,
WNT9A,FZD9;LRP5,<a target='_blank' href='https://www.ncbi.nlm.nih.gov/pubmed/24532711'>24532711</a>,,O14904,FZD3_LRP5,WNT9A_HUMAN,,curated,PMID:24532711,True,RVentoTormo,,,,,low affinity interaction,CellPhoneDBcore<=4.1,WNT9A-FZD3+LRP5,Signaling by WNT,Ligand-Receptor,
WNT9A,FZD9;LRP6,<a target='_blank' href='https://www.ncbi.nlm.nih.gov/pubmed/24532711'>24532711</a>,,O14904,FZD3_LRP6,WNT9A_HUMAN,,curated,PMID:24532711,True,RVentoTormo,,,,,low affinity interaction,CellPhoneDBcore<=4.1,WNT9A-FZD3+LRP6,Signaling by WNT,Ligand-Receptor,
WNT9A,FZD4;LRP5,<a target='_blank' href='https://www.ncbi.nlm.nih.gov/pubmed/24532711'>24532711</a>,,O14904,FZD4_LRP5,WNT9A_HUMAN,,curated,PMID:24532711,True,RVentoTormo,,,,,low affinity interaction,CellPhoneDBcore<=4.1,WNT9A-FZD4+LRP5,Signaling by WNT,Ligand-Receptor,
WNT9A,FZD4;LRP6,<a target='_blank' href='https://www.ncbi.nlm.nih.gov/pubmed/24532711'>24532711</a>,,O14904,FZD4_LRP6,WNT9A_HUMAN,,curated,PMID:24532711,True,RVentoTormo,,,,,low affinity interaction,CellPhoneDBcore<=4.1,WNT9A-FZD4+LRP6,Signaling by WNT,Ligand-Receptor,
WNT9A,FZD5;LRP5,<a target='_blank' href='https://www.ncbi.nlm.nih.gov/pubmed/24532711'>24532711</a>,,O14904,FZD5_LRP5,WNT9A_HUMAN,,curated,PMID:24532711,True,RVentoTormo,,,,,low affinity interaction,CellPhoneDBcore<=4.1,WNT9A-FZD5+LRP5,Signaling by WNT,Ligand-Receptor,
WNT9A,FZD5;LRP6,<a target='_blank' href='https://www.ncbi.nlm.nih.gov/pubmed/24532711'>24532711</a>,,O14904,FZD5_LRP6,WNT9A_HUMAN,,curated,PMID:24532711,True,RVentoTormo,,,,,low affinity interaction,CellPhoneDBcore<=4.1,WNT9A-FZD5+LRP6,Signaling by WNT,Ligand-Receptor,
WNT9A,FZD6;LRP5,<a target='_blank' href='https://www.ncbi.nlm.nih.gov/pubmed/24532711'>24532711</a>,,O14904,FZD6_LRP5,WNT9A_HUMAN,,curated,PMID:24532711,True,RVentoTormo,,,,,low affinity interaction,CellPhoneDBcore<=4.1,WNT9A-FZD6+LRP5,Signaling by WNT,Ligand-Receptor,
WNT9A,FZD6;LRP6,<a target='_blank' href='https://www.ncbi.nlm.nih.gov/pubmed/24532711'>24532711</a>,,O14904,FZD6_LRP6,WNT9A_HUMAN,,curated,PMID:24532711,True,RVentoTormo,,,,,low affinity interaction,CellPhoneDBcore<=4.1,WNT9A-FZD6+LRP6,Signaling by WNT,Ligand-Receptor,
WNT9A,FZD7;LRP5,<a target='_blank' href='https://www.ncbi.nlm.nih.gov/pubmed/24532711'>24532711</a>,,O14904,FZD7_LRP5,WNT9A_HUMAN,,curated,PMID:24532711,True,RVentoTormo,,,,,low affinity interaction,CellPhoneDBcore<=4.1,WNT9A-FZD7+LRP5,Signaling by WNT,Ligand-Receptor,
WNT9A,FZD7;LRP6,<a target='_blank' href='https://www.ncbi.nlm.nih.gov/pubmed/24532711'>24532711</a>,,O14904,FZD7_LRP6,WNT9A_HUMAN,,curated,PMID:24532711,True,RVentoTormo,,,,,low affinity interaction,CellPhoneDBcore<=4.1,WNT9A-FZD7+LRP6,Signaling by WNT,Ligand-Receptor,
WNT9A,FZD8;LRP5,<a target='_blank' href='https://www.ncbi.nlm.nih.gov/pubmed/24532711'>24532711</a>,,O14904,FZD8_LRP5,WNT9A_HUMAN,,curated,PMID:24532711,True,RVentoTormo,,,,,low affinity interaction,CellPhoneDBcore<=4.1,WNT9A-FZD8+LRP5,Signaling by WNT,Ligand-Receptor,
WNT9A,FZD8;LRP6,<a target='_blank' href='https://www.ncbi.nlm.nih.gov/pubmed/24532711'>24532711</a>,,O14904,FZD8_LRP6,WNT9A_HUMAN,,curated,PMID:24532711,True,RVentoTormo,,,,,low affinity interaction,CellPhoneDBcore<=4.1,WNT9A-FZD8+LRP6,Signaling by WNT,Ligand-Receptor,
WNT9A,FZD9;LRP5,<a target='_blank' href='https://www.ncbi.nlm.nih.gov/pubmed/24532711'>24532711</a>,,O14904,FZD9_LRP5,WNT9A_HUMAN,,curated,PMID:24532711,True,RVentoTormo,,,,,low affinity interaction,CellPhoneDBcore<=4.1,WNT9A-FZD9+LRP5,Signaling by WNT,Ligand-Receptor,
WNT9A,FZD9;LRP6,<a target='_blank' href='https://www.ncbi.nlm.nih.gov/pubmed/24532711'>24532711</a>,,O14904,FZD9_LRP6,WNT9A_HUMAN,,curated,PMID:24532711,True,RVentoTormo,,,,,low affinity interaction,CellPhoneDBcore<=4.1,WNT9A-FZD9+LRP6,Signaling by WNT,Ligand-Receptor,
WNT9A,SFRP1,<a target='_blank' href='https://www.ncbi.nlm.nih.gov/pubmed/12775774'>12775774</a>,,O14904,Q8N474,WNT9A_HUMAN,SFRP1_HUMAN,curated,PMID:12775774,True,RVentoTormo,,,,,Inhibition WNT. Soluble proteins,CellPhoneDBcore<=4.1,WNT9A-SFRP1,Signaling by WNT inhibition,Ligand-Ligand,Inhibitory
WNT9A,SFRP2,<a target='_blank' href='https://www.ncbi.nlm.nih.gov/pubmed/12775774'>12775774</a>,,O14904,Q96HF1,WNT9A_HUMAN,SFRP2_HUMAN,curated,PMID:12775774,True,RVentoTormo,,,,,Inhibition WNT. Soluble proteins,CellPhoneDBcore<=4.1,WNT9A-SFRP2,Signaling by WNT inhibition,Ligand-Ligand,Inhibitory
WNT9A,SFRP4,<a target='_blank' href='https://www.ncbi.nlm.nih.gov/pubmed/12775774'>12775774</a>,,O14904,Q6FHJ7,WNT9A_HUMAN,SFRP4_HUMAN,curated,PMID:12775774,True,RVentoTormo,,,,,Inhibition WNT. Soluble proteins,CellPhoneDBcore<=4.1,WNT9A-SFRP4,Signaling by WNT inhibition,Ligand-Ligand,Inhibitory
WNT9A,SFRP5,<a target='_blank' href='https://www.ncbi.nlm.nih.gov/pubmed/12775774'>12775774</a>,,O14904,Q5T4F7,WNT9A_HUMAN,SFRP5_HUMAN,curated,PMID:12775774,True,RVentoTormo,,,,,Inhibition WNT. Soluble proteins,CellPhoneDBcore<=4.1,WNT9A-SFRP5,Signaling by WNT inhibition,Ligand-Ligand,Inhibitory
WNT9A,WIF1,<a target='_blank' href='https://www.ncbi.nlm.nih.gov/pubmed/12775774'>12775774</a>,,O14904,Q9Y5W5,WNT9A_HUMAN,WIF1_HUMAN,curated,PMID:12775774,True,RVentoTormo,,,,,Inhibition WNT. Soluble proteins,CellPhoneDBcore<=4.1,WNT9A-WIF1,Signaling by WNT inhibition,Ligand-Ligand,Inhibitory
WNT9B,CER1,<a target='_blank' href='https://www.ncbi.nlm.nih.gov/pubmed/10067895'>10067895</a>,,O14905,O95813,WNT9B_HUMAN,CER1_HUMAN,curated,PMID:10067895,True,RVentoTormo,,,,,Inhibition WNT. Soluble proteins,CellPhoneDBcore<=4.1,WNT9B-CER1,Signaling by WNT inhibition,Ligand-Ligand,Inhibitory
WNT9B,FRZB,<a target='_blank' href='https://www.ncbi.nlm.nih.gov/pubmed/12775774'>12775774</a>,,O14905,Q92765,WNT9B_HUMAN,SFRP3_HUMAN,curated,PMID:12775774,True,RVentoTormo,,,,,Inhibition WNT. Soluble proteins,CellPhoneDBcore<=4.1,WNT9B-FRZB,Signaling by WNT inhibition,Ligand-Ligand,Inhibitory
WNT9B,FZD1;LRP5,<a target='_blank' href='https://www.ncbi.nlm.nih.gov/pubmed/24532711'>24532711</a>,,O14905,FZD1_LRP5,WNT9B_HUMAN,,curated,PMID:24532711,True,RVentoTormo,,,,,low affinity interaction,CellPhoneDBcore<=4.1,WNT9B-FZD1+LRP5,Signaling by WNT,Ligand-Receptor,
WNT9B,FZD1;LRP6,<a target='_blank' href='https://www.ncbi.nlm.nih.gov/pubmed/24532711'>24532711</a>,,O14905,FZD1_LRP6,WNT9B_HUMAN,,curated,PMID:24532711,True,RVentoTormo,,,,,low affinity interaction,CellPhoneDBcore<=4.1,WNT9B-FZD1+LRP6,Signaling by WNT,Ligand-Receptor,
WNT9B,FZD10;LRP5,<a target='_blank' href='https://www.ncbi.nlm.nih.gov/pubmed/24532711'>24532711</a>,,O14905,FZD10_LRP5,WNT9B_HUMAN,,curated,PMID:24532711,True,RVentoTormo,,,,,low affinity interaction,CellPhoneDBcore<=4.1,WNT9B-FZD10+LRP5,Signaling by WNT,Ligand-Receptor,
WNT9B,FZD10;LRP6,<a target='_blank' href='https://www.ncbi.nlm.nih.gov/pubmed/24532711'>24532711</a>,,O14905,FZD10_LRP6,WNT9B_HUMAN,,curated,PMID:24532711,True,RVentoTormo,,,,,low affinity interaction,CellPhoneDBcore<=4.1,WNT9B-FZD10+LRP6,Signaling by WNT,Ligand-Receptor,
WNT9B,FZD2;LRP5,<a target='_blank' href='https://www.ncbi.nlm.nih.gov/pubmed/24532711'>24532711</a>,,O14905,FZD2_LRP5,WNT9B_HUMAN,,curated,PMID:24532711,True,RVentoTormo,,,,,low affinity interaction,CellPhoneDBcore<=4.1,WNT9B-FZD2+LRP5,Signaling by WNT,Ligand-Receptor,
WNT9B,FZD2;LRP6,<a target='_blank' href='https://www.ncbi.nlm.nih.gov/pubmed/24532711'>24532711</a>,,O14905,FZD2_LRP6,WNT9B_HUMAN,,curated,PMID:24532711,True,RVentoTormo,,,,,low affinity interaction,CellPhoneDBcore<=4.1,WNT9B-FZD2+LRP6,Signaling by WNT,Ligand-Receptor,
WNT9B,FZD9;LRP5,<a target='_blank' href='https://www.ncbi.nlm.nih.gov/pubmed/24532711'>24532711</a>,,O14905,FZD3_LRP5,WNT9B_HUMAN,,curated,PMID:24532711,True,RVentoTormo,,,,,low affinity interaction,CellPhoneDBcore<=4.1,WNT9B-FZD3+LRP5,Signaling by WNT,Ligand-Receptor,
WNT9B,FZD9;LRP6,<a target='_blank' href='https://www.ncbi.nlm.nih.gov/pubmed/24532711'>24532711</a>,,O14905,FZD3_LRP6,WNT9B_HUMAN,,curated,PMID:24532711,True,RVentoTormo,,,,,low affinity interaction,CellPhoneDBcore<=4.1,WNT9B-FZD3+LRP6,Signaling by WNT,Ligand-Receptor,
WNT9B,FZD4;LRP5,<a target='_blank' href='https://www.ncbi.nlm.nih.gov/pubmed/24532711'>24532711</a>,,O14905,FZD4_LRP5,WNT9B_HUMAN,,curated,PMID:24532711,True,RVentoTormo,,,,,low affinity interaction,CellPhoneDBcore<=4.1,WNT9B-FZD4+LRP5,Signaling by WNT,Ligand-Receptor,
WNT9B,FZD4;LRP6,<a target='_blank' href='https://www.ncbi.nlm.nih.gov/pubmed/24532711'>24532711</a>,,O14905,FZD4_LRP6,WNT9B_HUMAN,,curated,PMID:24532711,True,RVentoTormo,,,,,low affinity interaction,CellPhoneDBcore<=4.1,WNT9B-FZD4+LRP6,Signaling by WNT,Ligand-Receptor,
WNT9B,FZD5;LRP5,<a target='_blank' href='https://www.ncbi.nlm.nih.gov/pubmed/24532711'>24532711</a>,,O14905,FZD5_LRP5,WNT9B_HUMAN,,curated,PMID:24532711,True,RVentoTormo,,,,,low affinity interaction,CellPhoneDBcore<=4.1,WNT9B-FZD5+LRP5,Signaling by WNT,Ligand-Receptor,
WNT9B,FZD5;LRP6,<a target='_blank' href='https://www.ncbi.nlm.nih.gov/pubmed/24532711'>24532711</a>,,O14905,FZD5_LRP6,WNT9B_HUMAN,,curated,PMID:24532711,True,RVentoTormo,,,,,low affinity interaction,CellPhoneDBcore<=4.1,WNT9B-FZD5+LRP6,Signaling by WNT,Ligand-Receptor,
WNT9B,FZD6;LRP5,<a target='_blank' href='https://www.ncbi.nlm.nih.gov/pubmed/24532711'>24532711</a>,,O14905,FZD6_LRP5,WNT9B_HUMAN,,curated,PMID:24532711,True,RVentoTormo,,,,,low affinity interaction,CellPhoneDBcore<=4.1,WNT9B-FZD6+LRP5,Signaling by WNT,Ligand-Receptor,
WNT9B,FZD6;LRP6,<a target='_blank' href='https://www.ncbi.nlm.nih.gov/pubmed/24532711'>24532711</a>,,O14905,FZD6_LRP6,WNT9B_HUMAN,,curated,PMID:24532711,True,RVentoTormo,,,,,low affinity interaction,CellPhoneDBcore<=4.1,WNT9B-FZD6+LRP6,Signaling by WNT,Ligand-Receptor,
WNT9B,FZD7;LRP5,<a target='_blank' href='https://www.ncbi.nlm.nih.gov/pubmed/24532711'>24532711</a>,,O14905,FZD7_LRP5,WNT9B_HUMAN,,curated,PMID:24532711,True,RVentoTormo,,,,,low affinity interaction,CellPhoneDBcore<=4.1,WNT9B-FZD7+LRP5,Signaling by WNT,Ligand-Receptor,
WNT9B,FZD7;LRP6,<a target='_blank' href='https://www.ncbi.nlm.nih.gov/pubmed/24532711'>24532711</a>,,O14905,FZD7_LRP6,WNT9B_HUMAN,,curated,PMID:24532711,True,RVentoTormo,,,,,low affinity interaction,CellPhoneDBcore<=4.1,WNT9B-FZD7+LRP6,Signaling by WNT,Ligand-Receptor,
WNT9B,FZD8;LRP5,<a target='_blank' href='https://www.ncbi.nlm.nih.gov/pubmed/24532711'>24532711</a>,,O14905,FZD8_LRP5,WNT9B_HUMAN,,curated,PMID:24532711,True,RVentoTormo,,,,,low affinity interaction,CellPhoneDBcore<=4.1,WNT9B-FZD8+LRP5,Signaling by WNT,Ligand-Receptor,
WNT9B,FZD8;LRP6,<a target='_blank' href='https://www.ncbi.nlm.nih.gov/pubmed/24532711'>24532711</a>,,O14905,FZD8_LRP6,WNT9B_HUMAN,,curated,PMID:24532711,True,RVentoTormo,,,,,low affinity interaction,CellPhoneDBcore<=4.1,WNT9B-FZD8+LRP6,Signaling by WNT,Ligand-Receptor,
WNT9B,FZD9;LRP5,<a target='_blank' href='https://www.ncbi.nlm.nih.gov/pubmed/24532711'>24532711</a>,,O14905,FZD9_LRP5,WNT9B_HUMAN,,curated,PMID:24532711,True,RVentoTormo,,,,,low affinity interaction,CellPhoneDBcore<=4.1,WNT9B-FZD9+LRP5,Signaling by WNT,Ligand-Receptor,
WNT9B,FZD9;LRP6,<a target='_blank' href='https://www.ncbi.nlm.nih.gov/pubmed/24532711'>24532711</a>,,O14905,FZD9_LRP6,WNT9B_HUMAN,,curated,PMID:24532711,True,RVentoTormo,,,,,low affinity interaction,CellPhoneDBcore<=4.1,WNT9B-FZD9+LRP6,Signaling by WNT,Ligand-Receptor,
WNT9B,SFRP1,<a target='_blank' href='https://www.ncbi.nlm.nih.gov/pubmed/12775774'>12775774</a>,,O14905,Q8N474,WNT9B_HUMAN,SFRP1_HUMAN,curated,PMID:12775774,True,RVentoTormo,,,,,Inhibition WNT. Soluble proteins,CellPhoneDBcore<=4.1,WNT9B-SFRP1,Signaling by WNT inhibition,Ligand-Ligand,Inhibitory
WNT9B,SFRP2,<a target='_blank' href='https://www.ncbi.nlm.nih.gov/pubmed/12775774'>12775774</a>,,O14905,Q96HF1,WNT9B_HUMAN,SFRP2_HUMAN,curated,PMID:12775774,True,RVentoTormo,,,,,Inhibition WNT. Soluble proteins,CellPhoneDBcore<=4.1,WNT9B-SFRP2,Signaling by WNT inhibition,Ligand-Ligand,Inhibitory
WNT9B,SFRP4,<a target='_blank' href='https://www.ncbi.nlm.nih.gov/pubmed/12775774'>12775774</a>,,O14905,Q6FHJ7,WNT9B_HUMAN,SFRP4_HUMAN,curated,PMID:12775774,True,RVentoTormo,,,,,Inhibition WNT. Soluble proteins,CellPhoneDBcore<=4.1,WNT9B-SFRP4,Signaling by WNT inhibition,Ligand-Ligand,Inhibitory
WNT9B,SFRP5,<a target='_blank' href='https://www.ncbi.nlm.nih.gov/pubmed/12775774'>12775774</a>,,O14905,Q5T4F7,WNT9B_HUMAN,SFRP5_HUMAN,curated,PMID:12775774,True,RVentoTormo,,,,,Inhibition WNT. Soluble proteins,CellPhoneDBcore<=4.1,WNT9B-SFRP5,Signaling by WNT inhibition,Ligand-Ligand,Inhibitory
WNT9B,WIF1,<a target='_blank' href='https://www.ncbi.nlm.nih.gov/pubmed/12775774'>12775774</a>,,O14905,Q9Y5W5,WNT9B_HUMAN,WIF1_HUMAN,curated,PMID:12775774,True,RVentoTormo,,,,,Inhibition WNT. Soluble proteins,CellPhoneDBcore<=4.1,WNT9B-WIF1,Signaling by WNT inhibition,Ligand-Ligand,Inhibitory
DKK1,LRP6,<a target='_blank' href='https://www.ncbi.nlm.nih.gov/pubmed/27524201'>27524201</a>,,O94907,Kremen1_LRP6,DKK1_HUMAN,,curated,reactome;PMID:27524201;PDB:5FWW,True,LGarciaAlonso,,R-HSA-3769401,,,,CellPhoneDBcore<=4.1,DKK1-KREMEN1+LRP6,Signaling by WNT inhibition,Ligand-Receptor,Inhibitory
DKK2,LRP6,<a target='_blank' href='https://www.ncbi.nlm.nih.gov/pubmed/12527209'>12527209</a>,,Q9UBU2,Kremen2_LRP6,DKK2_HUMAN,,curated,reactome;PMID:12527209,True,LGarciaAlonso,,R-HSA-3769401,,,,CellPhoneDBcore<=4.1,DKK2-KREMEN2+LRP6,Signaling by WNT inhibition,Ligand-Receptor,Inhibitory
ALCAM,CD6,<a target='_blank' href='https://www.ncbi.nlm.nih.gov/pubmed/23602662'>23602662</a>,,Q13740,P30203,CD166_HUMAN,CD6_HUMAN,curated,Reviewed_in_PMID:23602662,True,RVentoTormo,,,,,,CellPhoneDBcore<=4.1,ALCAM-CD6,,Ligand-Receptor,
CD226,NECTIN2,"<a target='_blank' href='https://www.ncbi.nlm.nih.gov/pubmed/15607800'>15607800</a>, <a target='_blank' href='https://www.ncbi.nlm.nih.gov/pubmed/24440149'>24440149</a>",,Q15762,Q92692,CD226_HUMAN,PVRL2_HUMAN,curated,integrin_activating_interaction_PMID:15607800;NK_cell_cytotoxicity._PMID:24440149,True,RVentoTormo,,,,,,CellPhoneDBcore<=4.1,CD226-NECTIN2,,Adhesion-Adhesion,
CD34,SELL,"<a target='_blank' href='https://www.ncbi.nlm.nih.gov/pubmed/7692600'>7692600</a>, <a target='_blank' href='https://www.ncbi.nlm.nih.gov/pubmed/8977216'>8977216</a>",,P28906,P14151,CD34_HUMAN,LYAM1_HUMAN,curated,PMID:7692600;PMID:8977216,True,RVentoTormo,,,,,,CellPhoneDBcore<=4.1,CD34-SELL,,Ligand-Receptor,
CD48,CD244,<a target='_blank' href='https://www.ncbi.nlm.nih.gov/pubmed/26697006'>26697006</a>,,P09326,Q9BZW8,CD48_HUMAN,CD244_HUMAN,curated,activating_interaction._uniprot_&_PMID:26697006,True,RVentoTormo,,,,,,CellPhoneDBcore<=4.1,CD48-CD244,,Ligand-Receptor,
CD55,ADGRE5,<a target='_blank' href='https://www.ncbi.nlm.nih.gov/pubmed/11297558'>11297558</a>,,P08174,P48960,DAF_HUMAN,CD97_HUMAN,curated,PMID:11297558,True,RVentoTormo,,,,,,CellPhoneDBcore<=4.1,CD55-ADGRE5,,Ligand-Receptor,
CD58,CD2,<a target='_blank' href='https://www.ncbi.nlm.nih.gov/pubmed/23602662'>23602662</a>,,P19256,P06729,LFA3_HUMAN,CD2_HUMAN,curated,Reviewed_in_PMID:23602662,True,RVentoTormo,,,,,,CellPhoneDBcore<=4.1,CD58-CD2,,Ligand-Receptor,
CD70,CD27,<a target='_blank' href='https://www.ncbi.nlm.nih.gov/pubmed/26697006'>26697006</a>,,P32970,P26842,CD70_HUMAN,CD27_HUMAN,curated,activating_interaction_for_NK_and_T_cells._uniprot_&_PMID:26697006,True,RVentoTormo,,,,,,CellPhoneDBcore<=4.1,CD70-CD27,,Ligand-Receptor,
CD80,CD28,<a target='_blank' href='https://www.ncbi.nlm.nih.gov/pubmed/23954143'>23954143</a>,,P33681,P10747,CD80_HUMAN,CD28_HUMAN,curated,antigen_stimulated_T_cells_become_activated._Reviewed_in_PMID:23954143,True,RVentoTormo,,,,,,CellPhoneDBcore<=4.1,CD80-CD28,,Ligand-Receptor,
CD80,CTLA4,<a target='_blank' href='https://www.ncbi.nlm.nih.gov/pubmed/23954143'>23954143</a>,,P33681,P16410,CD80_HUMAN,CTLA4_HUMAN,curated,integrin_antigen_stimulated_T_cells_become_anergic._Reviewed_in_PMID:23954143,True,RVentoTormo,,,,,,CellPhoneDBcore<=4.1,CD80-CTLA4,,Ligand-Receptor,
CD86,CD28,<a target='_blank' href='https://www.ncbi.nlm.nih.gov/pubmed/23954143'>23954143</a>,,P42081,P10747,CD86_HUMAN,CD28_HUMAN,curated,integrin_antigen_stimulated_T_cells_become_activated._Reviewed_in_PMID:23954143,True,RVentoTormo,,,,,,CellPhoneDBcore<=4.1,CD86-CD28,,Ligand-Receptor,
CD86,CTLA4,<a target='_blank' href='https://www.ncbi.nlm.nih.gov/pubmed/23954143'>23954143</a>,,P42081,P16410,CD86_HUMAN,CTLA4_HUMAN,curated,antigen_stimulated_T_cells_become_anergic._Reviewed_in_PMID:23954143,True,RVentoTormo,,,,,,CellPhoneDBcore<=4.1,CD86-CTLA4,,Ligand-Receptor,
CD99,PILRA,<a target='_blank' href='https://www.ncbi.nlm.nih.gov/pubmed/18234675'>18234675</a>,,P14209,Q9UKJ1,CD99_HUMAN,PILRA_HUMAN,curated,PMID:18234675,True,RVentoTormo,,,,,,CellPhoneDBcore<=4.1,CD99-PILRA,,Ligand-Receptor,
ESAM,ESAM,<a target='_blank' href='https://www.ncbi.nlm.nih.gov/pubmed/11279107'>11279107</a>,,Q96AP7,Q96AP7,ESAM_HUMAN,ESAM_HUMAN,curated,PMID:11279107,True,RVentoTormo,,,,,,CellPhoneDBcore<=4.1,ESAM-ESAM,,Adhesion-Adhesion,
ICOSLG,ICOS,<a target='_blank' href='https://www.ncbi.nlm.nih.gov/pubmed/23954143'>23954143</a>,,O75144,Q9Y6W8,ICOSL_HUMAN,ICOS_HUMAN,curated,important_for_T_follicular_helper_cells_(Tfh)_and_type_2_T_helper_cell_(Th2)_responses._Reviewed_in_PMID:23954143,True,RVentoTormo,,,,,,CellPhoneDBcore<=4.1,ICOSLG-ICOS,,Ligand-Receptor,
JAG1,CAPG,<a target='_blank' href='https://www.ncbi.nlm.nih.gov/pubmed/23086448'>23086448</a>,,P78504,P15529,JAG1_HUMAN,MCP_HUMAN,curated,PMID:23086448,True,RVentoTormo,,,,,,CellPhoneDBcore<=4.1,JAG1-CD46,,Ligand-Receptor,
MICA,KLRK1,<a target='_blank' href='https://www.ncbi.nlm.nih.gov/pubmed/24223577'>24223577</a>,,Q29983,NKG2D_II_receptor,MICA_HUMAN,,curated,1hyr;PDB_partially;Induces_NK_Cell_Activation._Reviewed_in_PMID:24223577,True,RVentoTormo,,,,,,CellPhoneDBcore<=4.1,MICA-HCST+KLRK1,,Ligand-Receptor,
MICB,KLRK1,<a target='_blank' href='https://www.ncbi.nlm.nih.gov/pubmed/24223577'>24223577</a>,,Q29980,NKG2D_II_receptor,MICB_HUMAN,,curated,Induces_NK_Cell_Activation._Reviewed_in_PMID:24223577,True,RVentoTormo,,,,,,CellPhoneDBcore<=4.1,MICB-HCST+KLRK1,,Ligand-Receptor,
PIK3IP1,MST1R,<a target='_blank' href='https://www.ncbi.nlm.nih.gov/pubmed/23792360'>23792360</a>,,P26927,Q04912,HGFL_HUMAN,RON_HUMAN,curated,PMID:23792360,True,RVentoTormo,,,,,,CellPhoneDBcore<=4.1,MST1-MST1R,,Ligand-Receptor,
NXNL1,SLC16A1,<a target='_blank' href='https://www.ncbi.nlm.nih.gov/pubmed/25957687'>25957687</a>,,Q96CM4,SLC16A1_complex,NXNL1_HUMAN,,curated,uniprot;PMID:25957687,True,LGarciaAlonso,,,,,,CellPhoneDBcore<=4.1,NXNL1-BSG+SLC16A1,,Ligand-Receptor,
PTPRC,CD22,<a target='_blank' href='https://www.ncbi.nlm.nih.gov/pubmed/12115612'>12115612</a>,,P08575,P20273,PTPRC_HUMAN,CD22_HUMAN,curated,PMID:12115612,True,RVentoTormo,,,,,,CellPhoneDBcore<=4.1,PTPRC-CD22,,Receptor-Receptor,
PTPRC,MRC1,"<a target='_blank' href='https://www.ncbi.nlm.nih.gov/pubmed/27601670'>27601670</a>, <a target='_blank' href='https://www.ncbi.nlm.nih.gov/pubmed/10575006'>10575006</a>",,P08575,P22897,PTPRC_HUMAN,MRC1_HUMAN,curated,PMID:27601670;PMID:10575006,True,RVentoTormo,,,,,,CellPhoneDBcore<=4.1,PTPRC-MRC1,,Receptor-Receptor,
CD47,SIRPA,<a target='_blank' href='https://www.ncbi.nlm.nih.gov/pubmed/23602662'>23602662</a>,,Q08722,P78324,CD47_HUMAN,SHPS1_HUMAN,curated,Reviewed_in_PMID:23602662,True,RVentoTormo,,,,,,CellPhoneDBcore<=4.1,CD47-SIRPA,,Ligand-Receptor,
CD47,SIRPG,<a target='_blank' href='https://www.ncbi.nlm.nih.gov/pubmed/15294972'>15294972</a>,,Q08722,Q9P1W8,CD47_HUMAN,SIRPG_HUMAN,curated,PMID:15294972,True,RVentoTormo,,,,,,CellPhoneDBcore<=4.1,CD47-SIRPG,,Ligand-Receptor,
,,,,P12830,integrin_a2b1_complex,CADH1_HUMAN,,curated,PMID:12392763,True,RVentoTormo,,,,,,CellPhoneDBcore<=4.1,CDH1-ITGA2+ITGB1,Adhesion by Cadherin,Adhesion-Adhesion,
,,,,P12830,Q96E93,CADH1_HUMAN,KLRG1_HUMAN,curated,PMC3030123,True,RVentoTormo,,,,,,CellPhoneDBcore<=4.1,CDH1-KLRG1,Adhesion by Cadherin,Ligand-Receptor,
,,,,P13688,Q9NNX6,CEAM1_HUMAN,CD209_HUMAN,curated,PMID:16282604;PMID:16246332,True,RVentoTormo,,,,,,CellPhoneDBcore<=4.1,CEACAM1-CD209,Adhesion by CEAM,Adhesion-Adhesion,
,,,,P13688,P40199,CEAM1_HUMAN,CEAM6_HUMAN,curated,PMID:21982860,True,RVentoTormo,,,,,,CellPhoneDBcore<=4.1,CEACAM1-CEACAM6,Adhesion by CEAM,Adhesion-Adhesion,
,,,,P13688,P31997,CEAM1_HUMAN,CEAM8_HUMAN,curated,PMID:24743304,True,RVentoTormo,,,,,,CellPhoneDBcore<=4.1,CEACAM1-CEACAM8,Adhesion by CEAM,Adhesion-Adhesion,
,,,,P13688,P16581,CEAM1_HUMAN,LYAM2_HUMAN,curated,PMID:1378450,True,RVentoTormo,,,,,,CellPhoneDBcore<=4.1,CEACAM1-SELE,Adhesion by CEAM,Adhesion-Adhesion,
,,,,P06731,P15813,CEAM5_HUMAN,CD1D_HUMAN,curated,PMID:24104458,True,RVentoTormo,,,,,,CellPhoneDBcore<=4.1,CEACAM5-CD1D,Adhesion by CEAM,Adhesion-Adhesion,
,,,,P06731,P01732,CEAM5_HUMAN,CD8A_HUMAN,curated,PMID:24104458,True,RVentoTormo,,,,,,CellPhoneDBcore<=4.1,CEACAM5-CD8A,Adhesion by CEAM,Adhesion-Adhesion,
,,,,P06731,P13688,CEAM5_HUMAN,CEAM1_HUMAN,curated,Induces_NK_Cell_Inhibition._Reviewed_in_PMID:24987108,True,RVentoTormo,,,,,,CellPhoneDBcore<=4.1,CEACAM5-CEACAM1,Adhesion by CEAM,Adhesion-Adhesion,
,,,,P40199,P40199,CEAM6_HUMAN,CEAM6_HUMAN,curated,PMID:11590190,True,RVentoTormo,,,,,,CellPhoneDBcore<=4.1,CEACAM6-CEACAM6,Adhesion by CEAM,Adhesion-Adhesion,
,,,,P31997,P40199,CEAM8_HUMAN,CEAM6_HUMAN,curated,PMID:11590190,True,RVentoTormo,,,,,,CellPhoneDBcore<=4.1,CEACAM8-CEACAM6,Adhesion by CEAM,Adhesion-Adhesion,
,,,,P05362,P20701,ICAM1_HUMAN,ITAL_HUMAN,curated,Reviewed_in_PMID:23602662,True,RVentoTormo,,,,,,CellPhoneDBcore<=4.1,ICAM1-ITGAL,Adhesion by ICAM,Ligand-Receptor,
,,,,P05362,integrin_aXb2_complex,ICAM1_HUMAN,,curated,PMID:16252253,True,RVentoTormo,,,,,,CellPhoneDBcore<=4.1,ICAM1-ITGAX+ITGB2,Adhesion by ICAM,Ligand-Receptor,
,,,,P05362,P16150,ICAM1_HUMAN,LEUK_HUMAN,curated,PMID:1683685,True,RVentoTormo,,,,,,CellPhoneDBcore<=4.1,ICAM1-SPN,Adhesion by ICAM,Adhesion-Adhesion,
,,,,P32942,Q9H2X3,ICAM3_HUMAN,CLC4M_HUMAN,curated,PMID:15795245,True,RVentoTormo,,,,,,CellPhoneDBcore<=4.1,ICAM3-CLEC4M,Adhesion by ICAM,Ligand-Receptor,
,,,,P57087,integrin_a4b1_complex,JAM2_HUMAN,,curated,PMID:12070135,True,RVentoTormo,,,,,,CellPhoneDBcore<=4.1,JAM2-ITGA4+ITGB1,Adhesion by JAM,Adhesion-Adhesion,
,,,,Q9BX67,integrin_aMb2_complex,JAM3_HUMAN,,curated,PMID:16118203;PMC2194005,True,RVentoTormo,,,,,,CellPhoneDBcore<=4.1,JAM3-ITGAM+ITGB2,Adhesion by JAM,Adhesion-Adhesion,
,,,,P32004,integrin_a5b1_complex,L1CAM_HUMAN,,curated,PMC2120661,True,RVentoTormo,,,,,,CellPhoneDBcore<=4.1,L1CAM-ITGA5+ITGB1,Adhesion by L1CAM,Ligand-Receptor,
,,,,P32004,integrin_aVb3_complex,L1CAM_HUMAN,,curated,PMID:9396761,True,RVentoTormo,,,,,,CellPhoneDBcore<=4.1,L1CAM-ITGAV+ITGB3,Adhesion by L1CAM,Ligand-Receptor,
,,,,P10451,integrin_a4b1_complex,OSTP_HUMAN,,curated,PMID:1830891;PMID:8970045,True,RVentoTormo,,,,,,CellPhoneDBcore<=4.1,SPP1-ITGA4+ITGB1,Adhesion by Osteopontin,Ligand-Receptor,
,,,,P10451,integrin_a9b1_complex,OSTP_HUMAN,,curated,PMID:1830891;PMID:8970045,True,RVentoTormo,,,,,,CellPhoneDBcore<=4.1,SPP1-ITGA9+ITGB1,Adhesion by Osteopontin,Ligand-Receptor,
,,,,P10451,integrin_aVb3_complex,OSTP_HUMAN,,curated,PMID:24442579,True,RVentoTormo,,,,,,CellPhoneDBcore<=4.1,SPP1-ITGAV+ITGB3,Adhesion by Osteopontin,Ligand-Receptor,
,,,,Q9Y624,integrin_aLb2_complex,JAM1_HUMAN,,curated,PMID:11812992;PMID:15528364,True,RVentoTormo,,,,,,CellPhoneDBcore<=4.1,F11R-ITGAL+ITGB2,Adhesion by Prothrombin,Ligand-Receptor,
,,,,P19320,integrin_a4b1_complex,VCAM1_HUMAN,,curated,PMC4368157,True,RVentoTormo,,,,,,CellPhoneDBcore<=4.1,VCAM1-ITGA4+ITGB1,Adhesion by VCAM,Ligand-Receptor,
,,,,P05067,P04233,A4_HUMAN,HG2A_HUMAN,curated,PMID:19849849,True,RVentoTormo,,,,,,CellPhoneDBcore<=4.1,APP-CD74,Signaling by Amyloid-beta precursor protein,Ligand-Receptor,
,,,,Corticosterone_byCYP11B1,P08235,,MCR_HUMAN,curated,uniprot;PMID:3037703,False,LGarciaAlonso,,,,,,CellPhoneDBcore<=4.1,CYP11B1-NR3C2,Signaling by Steroids,Ligand-Receptor,
,,,,BMP9_BMP15,BMPR1B_BMPR2_ACVR1B,,,curated,PMID:1218020110,True,LGarciaAlonso,,,,,,CellPhoneDBcore<=4.1,BMP15+GDF2-ACVR1B+BMPR1B+BMPR2,Signaling by BMP,Ligand-Receptor,
,,,,P12643,BMR1A_ACR2A,BMP2_HUMAN,,curated,PMID:22710174,True,RVentoTormo,,,,,,CellPhoneDBcore<=4.1,BMP2-ACVR2A+BMPR1A,Signaling by BMP,Ligand-Receptor,
,,,,P12643,BMR1B_AVR2A,BMP2_HUMAN,,curated,PMID:22710174,True,RVentoTormo,,,,,,CellPhoneDBcore<=4.1,BMP2-ACVR2A+BMPR1B,Signaling by BMP,Ligand-Receptor,
,,,,P12643,BMR1A_AVR2B,BMP2_HUMAN,,curated,PMID:22710174,True,RVentoTormo,,,,,,CellPhoneDBcore<=4.1,BMP2-ACVR2B+BMPR1A,Signaling by BMP,Ligand-Receptor,
,,,,P12643,BMR1B_AVR2B,BMP2_HUMAN,,curated,PMID:22710174,True,RVentoTormo,,,,,,CellPhoneDBcore<=4.1,BMP2-ACVR2B+BMPR1B,Signaling by BMP,Ligand-Receptor,
,,,,P12644,BMR1A_ACR2A,BMP4_HUMAN,,curated,PMID:22710174,True,RVentoTormo,,,,,,CellPhoneDBcore<=4.1,BMP4-ACVR2A+BMPR1A,Signaling by BMP,Ligand-Receptor,
,,,,P12644,BMR1B_AVR2A,BMP4_HUMAN,,curated,PMID:22710174,True,RVentoTormo,,,,,,CellPhoneDBcore<=4.1,BMP4-ACVR2A+BMPR1B,Signaling by BMP,Ligand-Receptor,
,,,,P12644,BMR1A_AVR2B,BMP4_HUMAN,,curated,PMID:22710174,True,RVentoTormo,,,,,,CellPhoneDBcore<=4.1,BMP4-ACVR2B+BMPR1A,Signaling by BMP,Ligand-Receptor,
,,,,P12644,BMR1B_AVR2B,BMP4_HUMAN,,curated,PMID:22710174,True,RVentoTormo,,,,,,CellPhoneDBcore<=4.1,BMP4-ACVR2B+BMPR1B,Signaling by BMP,Ligand-Receptor,
,,,,P22003,ACVR_1A2A_receptor,BMP5_HUMAN,,curated,PMID:22710174,True,RVentoTormo,,,,,,CellPhoneDBcore<=4.1,BMP5-ACVR1+ACVR2A,Signaling by BMP,Ligand-Receptor,
,,,,P22003,ACVR_1A2B_receptor,BMP5_HUMAN,,curated,PMID:22710174,True,RVentoTormo,,,,,,CellPhoneDBcore<=4.1,BMP5-ACVR1+ACVR2B,Signaling by BMP,Ligand-Receptor,
,,,,P22003,BMR1A_ACR2A,BMP5_HUMAN,,curated,PMID:22710174,True,RVentoTormo,,,,,,CellPhoneDBcore<=4.1,BMP5-ACVR2A+BMPR1A,Signaling by BMP,Ligand-Receptor,
,,,,P22003,BMR1B_AVR2A,BMP5_HUMAN,,curated,PMID:22710174,True,RVentoTormo,,,,,,CellPhoneDBcore<=4.1,BMP5-ACVR2A+BMPR1B,Signaling by BMP,Ligand-Receptor,
,,,,P22003,BMR1A_AVR2B,BMP5_HUMAN,,curated,PMID:22710174,True,RVentoTormo,,,,,,CellPhoneDBcore<=4.1,BMP5-ACVR2B+BMPR1A,Signaling by BMP,Ligand-Receptor,
,,,,P22003,BMR1B_AVR2B,BMP5_HUMAN,,curated,PMID:22710174,True,RVentoTormo,,,,,,CellPhoneDBcore<=4.1,BMP5-ACVR2B+BMPR1B,Signaling by BMP,Ligand-Receptor,
,,,,P22004,ACVR_1A2A_receptor,BMP6_HUMAN,,curated,PMID:22710174,True,RVentoTormo,,,,,,CellPhoneDBcore<=4.1,BMP6-ACVR1+ACVR2A,Signaling by BMP,Ligand-Receptor,
,,,,P22004,ACVR_1A2B_receptor,BMP6_HUMAN,,curated,PMID:22710174,True,RVentoTormo,,,,,,CellPhoneDBcore<=4.1,BMP6-ACVR1+ACVR2B,Signaling by BMP,Ligand-Receptor,
,,,,P22004,BMR1A_ACR2A,BMP6_HUMAN,,curated,PMID:22710174,True,RVentoTormo,,,,,,CellPhoneDBcore<=4.1,BMP6-ACVR2A+BMPR1A,Signaling by BMP,Ligand-Receptor,
,,,,P22004,BMR1B_AVR2A,BMP6_HUMAN,,curated,PMID:22710174,True,RVentoTormo,,,,,,CellPhoneDBcore<=4.1,BMP6-ACVR2A+BMPR1B,Signaling by BMP,Ligand-Receptor,
,,,,P22004,BMR1A_AVR2B,BMP6_HUMAN,,curated,PMID:22710174,True,RVentoTormo,,,,,,CellPhoneDBcore<=4.1,BMP6-ACVR2B+BMPR1A,Signaling by BMP,Ligand-Receptor,
,,,,P22004,BMR1B_AVR2B,BMP6_HUMAN,,curated,PMID:22710174,True,RVentoTormo,,,,,,CellPhoneDBcore<=4.1,BMP6-ACVR2B+BMPR1B,Signaling by BMP,Ligand-Receptor,
,,,,P18075,ACVR_1A2A_receptor,BMP7_HUMAN,,curated,PMID:22710174,True,RVentoTormo,,,,,,CellPhoneDBcore<=4.1,BMP7-ACVR1+ACVR2A,Signaling by BMP,Ligand-Receptor,
,,,,P18075,ACVR_1A2B_receptor,BMP7_HUMAN,,curated,PMID:22710174,True,RVentoTormo,,,,,,CellPhoneDBcore<=4.1,BMP7-ACVR1+ACVR2B,Signaling by BMP,Ligand-Receptor,
,,,,P18075,BMR1A_ACR2A,BMP7_HUMAN,,curated,PMID:22710174,True,RVentoTormo,,,,,,CellPhoneDBcore<=4.1,BMP7-ACVR2A+BMPR1A,Signaling by BMP,Ligand-Receptor,
,,,,P18075,BMR1B_AVR2A,BMP7_HUMAN,,curated,PMID:22710174,True,RVentoTormo,,,,,,CellPhoneDBcore<=4.1,BMP7-ACVR2A+BMPR1B,Signaling by BMP,Ligand-Receptor,
,,,,P18075,BMR1A_AVR2B,BMP7_HUMAN,,curated,PMID:22710174,True,RVentoTormo,,,,,,CellPhoneDBcore<=4.1,BMP7-ACVR2B+BMPR1A,Signaling by BMP,Ligand-Receptor,
,,,,P18075,BMR1B_AVR2B,BMP7_HUMAN,,curated,PMID:22710174,True,RVentoTormo,,,,,,CellPhoneDBcore<=4.1,BMP7-ACVR2B+BMPR1B,Signaling by BMP,Ligand-Receptor,
,,,,Q7Z5Y6,ACVR_1A2A_receptor,BMP8A_HUMAN,,curated,PMID:22710174,True,RVentoTormo,,,,,,CellPhoneDBcore<=4.1,BMP8A-ACVR1+ACVR2A,Signaling by BMP,Ligand-Receptor,
,,,,Q7Z5Y6,ACVR_1A2B_receptor,BMP8A_HUMAN,,curated,PMID:22710174,True,RVentoTormo,,,,,,CellPhoneDBcore<=4.1,BMP8A-ACVR1+ACVR2B,Signaling by BMP,Ligand-Receptor,
,,,,Q7Z5Y6,BMR1A_ACR2A,BMP8A_HUMAN,,curated,PMID:22710174,True,RVentoTormo,,,,,,CellPhoneDBcore<=4.1,BMP8A-ACVR2A+BMPR1A,Signaling by BMP,Ligand-Receptor,
,,,,Q7Z5Y6,BMR1B_AVR2A,BMP8A_HUMAN,,curated,PMID:22710174,True,RVentoTormo,,,,,,CellPhoneDBcore<=4.1,BMP8A-ACVR2A+BMPR1B,Signaling by BMP,Ligand-Receptor,
,,,,Q7Z5Y6,BMR1A_AVR2B,BMP8A_HUMAN,,curated,PMID:22710174,True,RVentoTormo,,,,,,CellPhoneDBcore<=4.1,BMP8A-ACVR2B+BMPR1A,Signaling by BMP,Ligand-Receptor,
,,,,Q7Z5Y6,BMR1B_AVR2B,BMP8A_HUMAN,,curated,PMID:22710174,True,RVentoTormo,,,,,,CellPhoneDBcore<=4.1,BMP8A-ACVR2B+BMPR1B,Signaling by BMP,Ligand-Receptor,
,,,,O94985,Q9ULB1,CSTN1_HUMAN,NRX1A_HUMAN,curated,PMID:29100073,True,JCranley,,,,,,CellPhoneDBcore4.1,CLSTN1-NRXN1,Signaling by Calsyntenin,Ligand-Receptor,
,,,,O94985,P58401,CSTN1_HUMAN,NRX2B_HUMAN,curated,PMID:29100073,True,JCranley,,,,,,CellPhoneDBcore4.1,CLSTN1-NRXN2,Signaling by Calsyntenin,Ligand-Receptor,
,,,,O94985,Q9HDB5,CSTN1_HUMAN,NRX3B_HUMAN,curated,PMID:29100073,True,JCranley,,,,,,CellPhoneDBcore4.1,CLSTN1-NRXN3,Signaling by Calsyntenin,Ligand-Receptor,
,,,,Q9H4D0,Q9ULB1,CSTN2_HUMAN,NRX1A_HUMAN,curated,PMID:29100073,True,JCranley,,,,,,CellPhoneDBcore4.1,CLSTN2-NRXN1,Signaling by Calsyntenin,Ligand-Receptor,
,,,,Q9H4D0,P58401,CSTN2_HUMAN,NRX2B_HUMAN,curated,PMID:29100073,True,JCranley,,,,,,CellPhoneDBcore4.1,CLSTN2-NRXN2,Signaling by Calsyntenin,Ligand-Receptor,
,,,,Q9H4D0,Q9HDB5,CSTN2_HUMAN,NRX3B_HUMAN,curated,PMID:29100073,True,JCranley,,,,,,CellPhoneDBcore4.1,CLSTN2-NRXN3,Signaling by Calsyntenin,Ligand-Receptor,
,,,,Q9BQT9,Q9ULB1,CSTN3_HUMAN,NRX1A_HUMAN,curated,PMID:29100073,True,JCranley,,,,,,CellPhoneDBcore4.1,CLSTN3-NRXN1,Signaling by Calsyntenin,Ligand-Receptor,
,,,,Q9BQT9,P58401,CSTN3_HUMAN,NRX2B_HUMAN,curated,PMID:29100073,True,JCranley,,,,,,CellPhoneDBcore4.1,CLSTN3-NRXN2,Signaling by Calsyntenin,Ligand-Receptor,
,,,,Q9BQT9,Q9HDB5,CSTN3_HUMAN,NRX3B_HUMAN,curated,PMID:29100073,True,JCranley,,,,,,CellPhoneDBcore4.1,CLSTN3-NRXN3,Signaling by Calsyntenin,Ligand-Receptor,
,,,,P78423,P49238,X3CL1_HUMAN,CX3C1_HUMAN,curated,PMID:24218476,True,RVentoTormo,,,,,,CellPhoneDBcore<=4.1,CX3CL1-CX3CR1,Signaling by Chemokines,Ligand-Receptor,
,,,,P02778,P49682,CXL10_HUMAN,CXCR3_HUMAN,curated,PMID:24218476,True,RVentoTormo,,,,,,CellPhoneDBcore<=4.1,CXCL10-CXCR3,Signaling by Chemokines,Ligand-Receptor,
,,,,P02778,P27487,CXL10_HUMAN,DPP4_HUMAN,curated,PMID:24218476,True,RVentoTormo,,,,,,CellPhoneDBcore<=4.1,CXCL10-DPP4,Signaling by Chemokines,Ligand-Receptor,
,,,,O14625,P49682,CXL11_HUMAN,CXCR3_HUMAN,curated,PMID:24218476,True,RVentoTormo,,,,,,CellPhoneDBcore<=4.1,CXCL11-CXCR3,Signaling by Chemokines,Ligand-Receptor,
,,,,O14625,P27487,CXL11_HUMAN,DPP4_HUMAN,curated,PMID:24218476,True,RVentoTormo,,,,,,CellPhoneDBcore<=4.1,CXCL11-DPP4,Signaling by Chemokines,Ligand-Receptor,
,,,,O43927,Q9NPB9,CXL13_HUMAN,ACKR4_HUMAN,curated,PMID:24218476,True,RVentoTormo,,,,,,CellPhoneDBcore<=4.1,CXCL13-ACKR4,Signaling by Chemokines,Ligand-Receptor,
,,,,O43927,P32302,CXL13_HUMAN,CXCR5_HUMAN,curated,PMID:24218476,True,RVentoTormo,,,,,,CellPhoneDBcore<=4.1,CXCL13-CXCR5,Signaling by Chemokines,Ligand-Receptor,
,,,,O95715,P61073,CXL14_HUMAN,CXCR4_HUMAN,curated,PMID:32212206,True,LGarciaAlonso,,,,,,CellPhoneDBcore<=4.1,CXCL14-CXCR4,Signaling by Chemokines,Ligand-Receptor,
,,,,Cholesterol_byCEL,P35398,,RORA_HUMAN,curated,HMRbase;PMID:12467577;PDB:1N83,False,LGarciaAlonso,,,,,,CellPhoneDBcore<=4.1,CEL-RORA,Signaling by Cholesterol,Ligand-Receptor,
,,,,Cholesterol_byLIPA,P35398,,RORA_HUMAN,curated,HMRbase;PMID:12467577;PDB:1N83,False,LGarciaAlonso,,,,,,CellPhoneDBcore<=4.1,LIPA-RORA,Signaling by Cholesterol,Ligand-Receptor,
,,,,Cholesterol_byDHCR24,P35398,,RORA_HUMAN,curated,HMRbase;PMID:12467577;PDB:1N83,False,LGarciaAlonso,,,,,,CellPhoneDBcore<=4.1,DHCR24-RORA,Signaling by Cholesterol/Desmosterol,Ligand-Receptor,
,,,,Cholesterol_byDHCR7,P35398,,RORA_HUMAN,curated,HMRbase;PMID:12467577;PDB:1N83,False,LGarciaAlonso,,,,,,CellPhoneDBcore<=4.1,DHCR7-RORA,Signaling by Cholesterol/Desmosterol,Ligand-Receptor,
,,,,Dehydroepiandrosterone_bySTS,Q07869,,PPARA_HUMAN,curated,HMRbase;PMID:18079279,False,LGarciaAlonso,,,,,,CellPhoneDBcore<=4.1,UBASH3B-PPARA,Signaling by Dehydroepiandrosterone,Ligand-Receptor,
,,,,P06734,integrin_aMb2_complex,FCER2_HUMAN,,curated,PMID:7621072;PMID:8745401,True,RVentoTormo,,,,,,CellPhoneDBcore<=4.1,FCER2-ITGAM+ITGB2,Signaling by FC receptor,Receptor-Receptor,
,,,,P06734,integrin_aVb3_complex,FCER2_HUMAN,,curated,PMID:10037797,True,RVentoTormo,,,,,,CellPhoneDBcore<=4.1,FCER2-ITGAV+ITGB3,Signaling by FC receptor,Receptor-Receptor,
,,,,P06734,integrin_aXb2_complex,FCER2_HUMAN,,curated,PMID:7621072,True,RVentoTormo,,,,,,CellPhoneDBcore<=4.1,FCER2-ITGAX+ITGB2,Signaling by FC receptor,Receptor-Receptor,
,,,,Q9NZU1,O94910,FLRT1_HUMAN,AGRL1_HUMAN,curated,PMID:29100073;PMID:31354411,True,JCranley,,,,,,CellPhoneDBcore4.1,FLRT1-ADGRL1,Signaling by Fibronectin,Ligand-Receptor,
,,,,Q9NZU1,Q9HAR2,FLRT1_HUMAN,AGRL3_HUMAN,curated,PMID:29100073;PMID:31354411,True,JCranley,,,,,,CellPhoneDBcore4.1,FLRT1-ADGRL3,Signaling by Fibronectin,Ligand-Receptor,
,,,,O43155,O94910,FLRT2_HUMAN,AGRL1_HUMAN,curated,PMID:29100073;PMID:31354411,True,JCranley,,,,,,CellPhoneDBcore4.1,FLRT2-ADGRL1,Signaling by Fibronectin,Ligand-Receptor,
,,,,O43155,Q9HAR2,FLRT2_HUMAN,AGRL3_HUMAN,curated,PMID:29100073;PMID:31354411,True,JCranley,,,,,,CellPhoneDBcore4.1,FLRT2-ADGRL3,Signaling by Fibronectin,Ligand-Receptor,
,,,,Q9NZU0,O95490,FLRT3_HUMAN,AGRL2_HUMAN,curated,PMID:29100073;PMID:31354411,True,JCranley,,,,,,CellPhoneDBcore4.1,FLRT3-ADGRL2,Signaling by Fibronectin,Ligand-Receptor,
,,,,Q9NZU0,Q9HAR2,FLRT3_HUMAN,AGRL3_HUMAN,curated,PMID:29100073;PMID:31354411,True,JCranley,,,,,,CellPhoneDBcore4.1,FLRT3-ADGRL3,Signaling by Fibronectin,Ligand-Receptor,
,,,,O00182,BCR_CD45_CD22,LEG9_HUMAN,,curated,PMID:30120235,True,LGarciaAlonso,,,,,,CellPhoneDBcore<=4.1,LGALS9-BCR+CD22+PTPRC,Signaling by Galectin,Ligand-Receptor,
,,,,O00182,Q8TDQ0,LEG9_HUMAN,HAVR2_HUMAN,curated,PMID:27192565;Uniprot,True,RVentoTormo,,,,,,CellPhoneDBcore<=4.1,LGALS9-HAVCR2,Signaling by Galectin,Ligand-Receptor,
,,,,O00182,P07237,LEG9_HUMAN,PDIA1_HUMAN,curated,PMID:21670307;uniprot,True,LGarciaAlonso,,,,,,CellPhoneDBcore<=4.1,LGALS9-P4HB,Signaling by Galectin,Ligand-Receptor,
,,,,P27539,ACVR_1B2B_receptor,GDF1_HUMAN,,curated,PMID:22710174,True,RVentoTormo,,,,,,CellPhoneDBcore<=4.1,GDF1-ACVR1B+ACVR2B,Signaling by Growth differentiation factor,Ligand-Receptor,
,,,,P55107,ACVR_1B2B_receptor,GDF10_HUMAN,,curated,PMID:22710174,True,RVentoTormo,,,,,,CellPhoneDBcore<=4.1,GDF10-ACVR1B+ACVR2B,Signaling by Growth differentiation factor,Ligand-Receptor,
,,,,O95390,ACVR_1B2A_receptor,GDF11_HUMAN,,curated,PMID:22710174,True,RVentoTormo,,,,,,CellPhoneDBcore<=4.1,GDF11-ACVR1B+ACVR2A,Signaling by Growth differentiation factor,Ligand-Receptor,
,,,,O95390,ACVR_1B2B_receptor,GDF11_HUMAN,,curated,PMID:22710174,True,RVentoTormo,,,,,,CellPhoneDBcore<=4.1,GDF11-ACVR1B+ACVR2B,Signaling by Growth differentiation factor,Ligand-Receptor,
,,,,O95390,TGFR_AVR2A,GDF11_HUMAN,,curated,PMID:22710174,True,RVentoTormo,,,,,,CellPhoneDBcore<=4.1,GDF11-ACVR2A+TGFBR1,Signaling by Growth differentiation factor,Ligand-Receptor,
,,,,O95390,TGFR_AVR2B,GDF11_HUMAN,,curated,PMID:22710174,True,RVentoTormo,,,,,,CellPhoneDBcore<=4.1,GDF11-ACVR2B+TGFBR1,Signaling by Growth differentiation factor,Ligand-Receptor,
,,,,Q9NR23,ACVR_1B2B_receptor,GDF3_HUMAN,,curated,PMID:22710174,True,RVentoTormo,,,,,,CellPhoneDBcore<=4.1,GDF3-ACVR1B+ACVR2B,Signaling by Growth differentiation factor,Ligand-Receptor,
,,,,P43026,BMR1A_ACR2A,GDF5_HUMAN,,curated,PMID:22710174,True,RVentoTormo,,,,,,CellPhoneDBcore<=4.1,GDF5-ACVR2A+BMPR1A,Signaling by Growth differentiation factor,Ligand-Receptor,
,,,,P43026,BMR1B_AVR2A,GDF5_HUMAN,,curated,PMID:22710174,True,RVentoTormo,,,,,,CellPhoneDBcore<=4.1,GDF5-ACVR2A+BMPR1B,Signaling by Growth differentiation factor,Ligand-Receptor,
,,,,P43026,BMR1A_AVR2B,GDF5_HUMAN,,curated,PMID:22710174,True,RVentoTormo,,,,,,CellPhoneDBcore<=4.1,GDF5-ACVR2B+BMPR1A,Signaling by Growth differentiation factor,Ligand-Receptor,
,,,,P43026,BMR1B_AVR2B,GDF5_HUMAN,,curated,PMID:22710174,True,RVentoTormo,,,,,,CellPhoneDBcore<=4.1,GDF5-ACVR2B+BMPR1B,Signaling by Growth differentiation factor,Ligand-Receptor,
,,,,Q6KF10,BMR1A_ACR2A,GDF6_HUMAN,,curated,PMID:22710174,True,RVentoTormo,,,,,,CellPhoneDBcore<=4.1,GDF6-ACVR2A+BMPR1A,Signaling by Growth differentiation factor,Ligand-Receptor,
,,,,Q6KF10,BMR1B_AVR2A,GDF6_HUMAN,,curated,PMID:22710174,True,RVentoTormo,,,,,,CellPhoneDBcore<=4.1,GDF6-ACVR2A+BMPR1B,Signaling by Growth differentiation factor,Ligand-Receptor,
,,,,Q6KF10,BMR1B_AVR2B,GDF6_HUMAN,,curated,PMID:22710174,True,RVentoTormo,,,,,,CellPhoneDBcore<=4.1,GDF6-ACVR2B+BMPR1B,Signaling by Growth differentiation factor,Ligand-Receptor,
,,,,Q7Z4P5,BMR1A_ACR2A,GDF7_HUMAN,,curated,PMID:22710174,True,RVentoTormo,,,,,,CellPhoneDBcore<=4.1,GDF7-ACVR2A+BMPR1A,Signaling by Growth differentiation factor,Ligand-Receptor,
,,,,Q7Z4P5,BMR1B_AVR2A,GDF7_HUMAN,,curated,PMID:22710174,True,RVentoTormo,,,,,,CellPhoneDBcore<=4.1,GDF7-ACVR2A+BMPR1B,Signaling by Growth differentiation factor,Ligand-Receptor,
,,,,Q7Z4P5,BMR1A_AVR2B,GDF7_HUMAN,,curated,PMID:22710174,True,RVentoTormo,,,,,,CellPhoneDBcore<=4.1,GDF7-ACVR2B+BMPR1A,Signaling by Growth differentiation factor,Ligand-Receptor,
,,,,Q7Z4P5,BMR1B_AVR2B,GDF7_HUMAN,,curated,PMID:22710174,True,RVentoTormo,,,,,,CellPhoneDBcore<=4.1,GDF7-ACVR2B+BMPR1B,Signaling by Growth differentiation factor,Ligand-Receptor,
,,,,O14793,ACVR_1B2B_receptor,GDF8_HUMAN,,curated,PMID:22710174,True,RVentoTormo,,,,,,CellPhoneDBcore<=4.1,MSTN-ACVR1B+ACVR2B,Signaling by Growth differentiation factor,Ligand-Receptor,
,,,,O14793,TGFR_AVR2A,GDF8_HUMAN,,curated,PMID:22710174,True,RVentoTormo,,,,,,CellPhoneDBcore<=4.1,MSTN-ACVR2A+TGFBR1,Signaling by Growth differentiation factor,Ligand-Receptor,
,,,,O14793,TGFR_AVR2B,GDF8_HUMAN,,curated,PMID:22710174,True,RVentoTormo,,,,,,CellPhoneDBcore<=4.1,MSTN-ACVR2B+TGFBR1,Signaling by Growth differentiation factor,Ligand-Receptor,
,,,,HLAC,P43626,HLAC,KI2L1_HUMAN,curated,PMID:28484462,True,RVentoTormo,,,,,,CellPhoneDBcore<=4.1,HLA-C-KIR2DL1,Signaling by HLA,Ligand-Receptor,
,,,,HLAC,P43628,HLAC,KI2L3_HUMAN,curated,PMID:28484462,True,RVentoTormo,,,,,,CellPhoneDBcore<=4.1,HLA-C-KIR2DL3,Signaling by HLA,Ligand-Receptor,
,,,,P13747,P26715,HLAE_HUMAN,NKG2A_HUMAN,curated,Induces_NK_Cell_Inhibition._Reviewed_in_PMID:24223577,True,RVentoTormo,,,,,,CellPhoneDBcore<=4.1,HLA-E-KLRC1,Signaling by HLA,Ligand-Receptor,
,,,,P13747,CD94:NKG2A,HLAE_HUMAN,,curated,PMID:28484462,True,RVentoTormo,,,,,,CellPhoneDBcore<=4.1,HLA-E-KLRC1+KLRD1,Signaling by HLA,Ligand-Receptor,
,,,,P13747,P26717,HLAE_HUMAN,NKG2C_HUMAN,curated,activating_interaction._uniprot_&_PMID:26697006,True,RVentoTormo,,,,,,CellPhoneDBcore<=4.1,HLA-E-KLRC2,Signaling by HLA,Ligand-Receptor,
,,,,P13747,CD94:NKG2C,HLAE_HUMAN,,curated,PMID:28484462,True,RVentoTormo,,,,,,CellPhoneDBcore<=4.1,HLA-E-KLRC2+KLRD1,Signaling by HLA,Ligand-Receptor,
,,,,P13747,CD94:NKG2E,HLAE_HUMAN,,curated,PMID:28484462,True,RVentoTormo,,,,,,CellPhoneDBcore<=4.1,HLA-E-KLRC3+KLRD1,Signaling by HLA,Ligand-Receptor,
,,,,P13747,P26718,HLAE_HUMAN,NKG2D_HUMAN,curated,Induces_NK_Cell_Activation._Reviewed_in_PMID:24223577,True,RVentoTormo,,,,,,CellPhoneDBcore<=4.1,HLA-E-KLRK1,Signaling by HLA,Ligand-Receptor,
,,,,P30511,P43629,HLAF_HUMAN,KI3L1_HUMAN,curated,PMID:27455421,True,RVentoTormo,,,,,,CellPhoneDBcore<=4.1,HLA-F-KIR3DL1,Signaling by HLA,Ligand-Receptor,
,,,,P30511,P43630,HLAF_HUMAN,KI3L2_HUMAN,curated,PMID:27455421,True,RVentoTormo,,,,,,CellPhoneDBcore<=4.1,HLA-F-KIR3DL2,Signaling by HLA,Ligand-Receptor,
,,,,P30511,Q14943,HLAF_HUMAN,KI3S1_HUMAN,curated,PMID:27455421,True,RVentoTormo,,,,,,CellPhoneDBcore<=4.1,HLA-F-KIR3DS1,Signaling by HLA,Ligand-Receptor,
,,,,P30511,Q8NHL6,HLAF_HUMAN,LIRB1_HUMAN,curated,PMID:11169396,True,RVentoTormo,,,,,,CellPhoneDBcore<=4.1,HLA-F-LILRB1,Signaling by HLA,Ligand-Receptor,
,,,,P30511,Q8N423,HLAF_HUMAN,LIRB2_HUMAN,curated,PMID:11169396,True,RVentoTormo,,,,,,CellPhoneDBcore<=4.1,HLA-F-LILRB2,Signaling by HLA,Ligand-Receptor,
,,,,P17693,Q8NHL6,HLAG_HUMAN,LIRB1_HUMAN,curated,uniprot;Induces_NK_Cell_Inhibition._Reviewed_in_PMID:24987108,True,RVentoTormo,,,,,,CellPhoneDBcore<=4.1,HLA-G-LILRB1,Signaling by HLA,Ligand-Receptor,
,,,,Activin_ligand_ab,ACVR_1A2A_receptor,,,curated,less_common_binding;PMID:22710174;PMID:22991378_,True,RVentoTormo,,,,,,CellPhoneDBcore<=4.1,INHBA+INHBB-ACVR1+ACVR2A,Signaling by Inhibin/Activin,Ligand-Receptor,
,,,,Activin_ligand_ab,ACVR_1A2B_receptor,,,curated,less_common_binding;PMID:22710174;PMID:22991378_,True,RVentoTormo,,,,,,CellPhoneDBcore<=4.1,INHBA+INHBB-ACVR1+ACVR2B,Signaling by Inhibin/Activin,Ligand-Receptor,
,,,,Activin_ligand_ab,ACVR_1B2A_receptor,,,curated,PMID:22710174;PMID:22991378,True,RVentoTormo,,,,,,CellPhoneDBcore<=4.1,INHBA+INHBB-ACVR1B+ACVR2A,Signaling by Inhibin/Activin,Ligand-Receptor,
,,,,Activin_ligand_ab,ACVR_1B2B_receptor,,,curated,PMID:22710174;PMID:22991378,True,RVentoTormo,,,,,,CellPhoneDBcore<=4.1,INHBA+INHBB-ACVR1B+ACVR2B,Signaling by Inhibin/Activin,Ligand-Receptor,
,,,,Activin_ligand_ab,ACVR_1C2A_receptor,,,curated,PMID:22710174;PMID:22991378,True,RVentoTormo,,,,,,CellPhoneDBcore<=4.1,INHBA+INHBB-ACVR1C+ACVR2A,Signaling by Inhibin/Activin,Ligand-Receptor,
,,,,Activin_ligand_ab,ACVR_1C2B_receptor,,,curated,PMID:22710174;PMID:22991378,True,RVentoTormo,,,,,,CellPhoneDBcore<=4.1,INHBA+INHBB-ACVR1C+ACVR2B,Signaling by Inhibin/Activin,Ligand-Receptor,
,,,,P17936,Q86XT9,IBP3_HUMAN,TM219_HUMAN,curated,reactome;uniprot;PMID:20353938,True,LGarciaAlonso,R-HSA-6800024,R-HSA-6800035,,,,CellPhoneDBcore<=4.1,IGFBP3-TMEM219,Signaling by Insulin-like growth factor,Ligand-Receptor,
,,,,P35225,Q14627,IL13_HUMAN,I13R2_HUMAN,curated,PMID:26471366,True,RVentoTormo,,,,,,CellPhoneDBcore<=4.1,IL13-IL13RA2,Signaling by Interleukin,Ligand-Receptor,
,,,,Q8TD07,NKG2D_II_receptor,N2DL4_HUMAN,,curated,Induces_NK_Cell_Activation._Reviewed_in_PMID:24223577,True,RVentoTormo,,,,,,CellPhoneDBcore<=4.1,RAET1E-HCST+KLRK1,Signaling by Killer Cell Lectin Like Receptor K1,Ligand-Receptor,
,,,,Q6H3X3,NKG2D_II_receptor,RET1G_HUMAN,,curated,Induces_NK_Cell_Activation._Reviewed_in_PMID:24223577,True,RVentoTormo,,,,,,CellPhoneDBcore<=4.1,RAET1G-HCST+KLRK1,Signaling by Killer Cell Lectin Like Receptor K1,Ligand-Receptor,
,,,,Q9BZM6,NKG2D_II_receptor,N2DL1_HUMAN,,curated,Induces_NK_Cell_Activation._Reviewed_in_PMID:24223577,True,RVentoTormo,,,,,,CellPhoneDBcore<=4.1,ULBP1-HCST+KLRK1,Signaling by Killer Cell Lectin Like Receptor K1,Ligand-Receptor,
,,,,Q9BZM5,NKG2D_II_receptor,N2DL2_HUMAN,,curated,Induces_NK_Cell_Activation._Reviewed_in_PMID:24223577,True,RVentoTormo,,,,,,CellPhoneDBcore<=4.1,ULBP2-HCST+KLRK1,Signaling by Killer Cell Lectin Like Receptor K1,Ligand-Receptor,
,,,,Q9BZM4,NKG2D_II_receptor,N2DL3_HUMAN,,curated,Induces_NK_Cell_Activation;PMID:24223577;PDB:1kcg_partially,True,RVentoTormo,,,,,,CellPhoneDBcore<=4.1,ULBP3-HCST+KLRK1,Signaling by Killer Cell Lectin Like Receptor K1,Ligand-Receptor,
,,,,O75610,P13385,LFTY1_HUMAN,TDGF1_HUMAN,curated,PMID:22710174,True,RVentoTormo,,,,,,CellPhoneDBcore<=4.1,LEFTY1-TDGF1,Signaling by Left-right determination factor,Ligand-Receptor,Inhibitory
,,,,O00292,P13385,LFTY2_HUMAN,TDGF1_HUMAN,curated,PMID:22710174,True,RVentoTormo,,,,,,CellPhoneDBcore<=4.1,LEFTY2-TDGF1,Signaling by Left-right determination factor,Ligand-Receptor,Inhibitory
,,,,Q6UVW9,D3W0D1,CLC2A_HUMAN,KLRF2_HUMAN,curated,Induces_NK_Cell_Activation._Reviewed_in_PMID:24223577,True,RVentoTormo,,,,,,CellPhoneDBcore<=4.1,CLEC2A-KLRF2,Signaling by Leptin,Ligand-Receptor,
,,,,Q92478,Q9NZS2,CLC2B_HUMAN,KLRF1_HUMAN,curated,Induces_NK_Cell_Activation._Reviewed_in_PMID:24223577,True,RVentoTormo,,,,,,CellPhoneDBcore<=4.1,CLEC2B-KLRF1,Signaling by Leptin,Ligand-Receptor,
,,,,Q9NT99,P23468,LRC4B_HUMAN,PTPRD_HUMAN,curated,PMID:29100073;PMID:34966732,True,JCranley,,,,,,CellPhoneDBcore4.1,LRRC4B-PTPRD,Signaling by Leucine Rich Repeat And Fibronectin,Ligand-Receptor,
,,,,Q9NT99,P10586,LRC4B_HUMAN,PTPRF_HUMAN,curated,PMID:29100073;PMID:34966732,True,JCranley,,,,,,CellPhoneDBcore4.1,LRRC4B-PTPRF,Signaling by Leucine Rich Repeat And Fibronectin,Ligand-Receptor,
,,,,Q9NT99,Q13332,LRC4B_HUMAN,PTPRS_HUMAN,curated,PMID:29100073;PMID:34966732,True,JCranley,,,,,,CellPhoneDBcore4.1,LRRC4B-PTPRS,Signaling by Leucine Rich Repeat And Fibronectin,Ligand-Receptor,
,,,,Q9HCJ2,P10586,LRC4C_HUMAN,PTPRF_HUMAN,curated,PMID:29100073;PMID:34966732,True,JCranley,,,,,,CellPhoneDBcore4.1,LRRC4C-PTPRF,Signaling by Leucine Rich Repeat And Fibronectin,Ligand-Receptor,
,,,,Q86UE6,Q9ULB1,LRRT1_HUMAN,NRX1A_HUMAN,curated,PMID:29100073,True,JCranley,,,,,,CellPhoneDBcore4.1,LRRTM1-NRXN1,Signaling by Leucine-Rich Repeat Transmembrane Neuronal Protein,Ligand-Receptor,
,,,,Q86UE6,P58401,LRRT1_HUMAN,NRX2B_HUMAN,curated,PMID:29100073,True,JCranley,,,,,,CellPhoneDBcore4.1,LRRTM1-NRXN2,Signaling by Leucine-Rich Repeat Transmembrane Neuronal Protein,Ligand-Receptor,
,,,,Q86UE6,Q9HDB5,LRRT1_HUMAN,NRX3B_HUMAN,curated,PMID:29100073,True,JCranley,,,,,,CellPhoneDBcore4.1,LRRTM1-NRXN3,Signaling by Leucine-Rich Repeat Transmembrane Neuronal Protein,Ligand-Receptor,
,,,,O43300,Q9ULB1,LRRT2_HUMAN,NRX1A_HUMAN,curated,PMID:29100073,True,JCranley,,,,,,CellPhoneDBcore4.1,LRRTM2-NRXN1,Signaling by Leucine-Rich Repeat Transmembrane Neuronal Protein,Ligand-Receptor,
,,,,O43300,P58401,LRRT2_HUMAN,NRX2B_HUMAN,curated,PMID:29100073,True,JCranley,,,,,,CellPhoneDBcore4.1,LRRTM2-NRXN2,Signaling by Leucine-Rich Repeat Transmembrane Neuronal Protein,Ligand-Receptor,
,,,,O43300,Q9HDB5,LRRT2_HUMAN,NRX3B_HUMAN,curated,PMID:29100073,True,JCranley,,,,,,CellPhoneDBcore4.1,LRRTM2-NRXN3,Signaling by Leucine-Rich Repeat Transmembrane Neuronal Protein,Ligand-Receptor,
,,,,Q86VH5,Q9ULB1,LRRT3_HUMAN,NRX1A_HUMAN,curated,PMID:29100073,True,JCranley,,,,,,CellPhoneDBcore4.1,LRRTM3-NRXN1,Signaling by Leucine-Rich Repeat Transmembrane Neuronal Protein,Ligand-Receptor,
,,,,Q86VH5,P58401,LRRT3_HUMAN,NRX2B_HUMAN,curated,PMID:29100073,True,JCranley,,,,,,CellPhoneDBcore4.1,LRRTM3-NRXN2,Signaling by Leucine-Rich Repeat Transmembrane Neuronal Protein,Ligand-Receptor,
,,,,Q86VH5,Q9HDB5,LRRT3_HUMAN,NRX3B_HUMAN,curated,PMID:29100073,True,JCranley,,,,,,CellPhoneDBcore4.1,LRRTM3-NRXN3,Signaling by Leucine-Rich Repeat Transmembrane Neuronal Protein,Ligand-Receptor,
,,,,Q86VH4,Q9ULB1,LRRT4_HUMAN,NRX1A_HUMAN,curated,PMID:29100073,True,JCranley,,,,,,CellPhoneDBcore4.1,LRRTM4-NRXN1,Signaling by Leucine-Rich Repeat Transmembrane Neuronal Protein,Ligand-Receptor,
,,,,Q86VH4,P58401,LRRT4_HUMAN,NRX2B_HUMAN,curated,PMID:29100073,True,JCranley,,,,,,CellPhoneDBcore4.1,LRRTM4-NRXN2,Signaling by Leucine-Rich Repeat Transmembrane Neuronal Protein,Ligand-Receptor,
,,,,Q86VH4,Q9HDB5,LRRT4_HUMAN,NRX3B_HUMAN,curated,PMID:29100073,True,JCranley,,,,,,CellPhoneDBcore4.1,LRRTM4-NRXN3,Signaling by Leucine-Rich Repeat Transmembrane Neuronal Protein,Ligand-Receptor,
,,,,Q86VH4,Q13332,LRRT4_HUMAN,PTPRS_HUMAN,curated,PMID:29100073;PMID:34966732,True,JCranley,,,,,,CellPhoneDBcore4.1,LRRTM4-PTPRS,Signaling by Leucine-Rich Repeat Transmembrane Neuronal Protein,Ligand-Receptor,
,,,,Q9ULB1,Q14118,NRX1A_HUMAN,DAG1_HUMAN,curated,PMID:29100073,True,JCranley,,,,,,CellPhoneDBcore4.1,NRXN1-DAG1,Signaling by Neurexin,Receptor-Receptor,
,,,,P58401,Q14118,NRX2B_HUMAN,DAG1_HUMAN,curated,PMID:29100073,True,JCranley,,,,,,CellPhoneDBcore4.1,NRXN2-DAG1,Signaling by Neurexin,Receptor-Receptor,
,,,,Q8N2Q7,Q9ULB1,NLGN1_HUMAN,NRX1A_HUMAN,curated,PMID:29100073,True,JCranley,,,,,,CellPhoneDBcore4.1,NLGN1-NRXN1,Signaling by Neuroligin,Ligand-Receptor,
,,,,Q8N2Q7,P58401,NLGN1_HUMAN,NRX2B_HUMAN,curated,PMID:29100073,True,JCranley,,,,,,CellPhoneDBcore4.1,NLGN1-NRXN2,Signaling by Neuroligin,Ligand-Receptor,
,,,,Q8N2Q7,Q9HDB5,NLGN1_HUMAN,NRX3B_HUMAN,curated,PMID:29100073,True,JCranley,,,,,,CellPhoneDBcore4.1,NLGN1-NRXN3,Signaling by Neuroligin,Ligand-Receptor,
,,,,Q8NFZ4,Q9ULB1,NLGN2_HUMAN,NRX1A_HUMAN,curated,PMID:29100073,True,JCranley,,,,,,CellPhoneDBcore4.1,NLGN2-NRXN1,Signaling by Neuroligin,Ligand-Receptor,
,,,,Q8NFZ4,P58401,NLGN2_HUMAN,NRX2B_HUMAN,curated,PMID:29100073,True,JCranley,,,,,,CellPhoneDBcore4.1,NLGN2-NRXN2,Signaling by Neuroligin,Ligand-Receptor,
,,,,Q8NFZ4,Q9HDB5,NLGN2_HUMAN,NRX3B_HUMAN,curated,PMID:29100073,True,JCranley,,,,,,CellPhoneDBcore4.1,NLGN2-NRXN3,Signaling by Neuroligin,Ligand-Receptor,
,,,,Q9NZ94,Q9ULB1,NLGN3_HUMAN,NRX1A_HUMAN,curated,PMID:29100073,True,JCranley,,,,,,CellPhoneDBcore4.1,NLGN3-NRXN1,Signaling by Neuroligin,Ligand-Receptor,
,,,,Q9NZ94,P58401,NLGN3_HUMAN,NRX2B_HUMAN,curated,PMID:29100073,True,JCranley,,,,,,CellPhoneDBcore4.1,NLGN3-NRXN2,Signaling by Neuroligin,Ligand-Receptor,
,,,,Q9NZ94,Q9HDB5,NLGN3_HUMAN,NRX3B_HUMAN,curated,PMID:29100073,True,JCranley,,,,,,CellPhoneDBcore4.1,NLGN3-NRXN3,Signaling by Neuroligin,Ligand-Receptor,
,,,,Q8N0W4,Q9ULB1,NLGNX_HUMAN,NRX1A_HUMAN,curated,PMID:29100073,True,JCranley,,,,,,CellPhoneDBcore4.1,NLGN4X-NRXN1,Signaling by Neuroligin,Ligand-Receptor,
,,,,Q8N0W4,P58401,NLGNX_HUMAN,NRX2B_HUMAN,curated,PMID:29100073,True,JCranley,,,,,,CellPhoneDBcore4.1,NLGN4X-NRXN2,Signaling by Neuroligin,Ligand-Receptor,
,,,,Q8N0W4,Q9HDB5,NLGNX_HUMAN,NRX3B_HUMAN,curated,PMID:29100073,True,JCranley,,,,,,CellPhoneDBcore4.1,NLGN4X-NRXN3,Signaling by Neuroligin,Ligand-Receptor,
,,,,Q8NFZ3,Q9ULB1,NLGNY_HUMAN,NRX1A_HUMAN,curated,PMID:29100073,True,JCranley,,,,,,CellPhoneDBcore4.1,NLGN4Y-NRXN1,Signaling by Neuroligin,Ligand-Receptor,
,,,,Q8NFZ3,P58401,NLGNY_HUMAN,NRX2B_HUMAN,curated,PMID:29100073,True,JCranley,,,,,,CellPhoneDBcore4.1,NLGN4Y-NRXN2,Signaling by Neuroligin,Ligand-Receptor,
,,,,Q12860,P46531,CNTN1_HUMAN,NOTC1_HUMAN,curated,uniprot;PMID:14567914,True,LGarciaAlonso,,,,,,CellPhoneDBcore<=4.1,CNTN1-NOTCH1,Signaling by Notch,Ligand-Receptor,
,,,,Q12860,Q04721,CNTN1_HUMAN,NOTC2_HUMAN,curated,reactome;PMID:14567914,True,LGarciaAlonso,R-HSA-2220817,R-HSA-2220816,,,,CellPhoneDBcore<=4.1,CNTN1-NOTCH2,Signaling by Notch,Ligand-Receptor,
,,,,P80370,P46531,DLK1_HUMAN,NOTC1_HUMAN,curated,PMID:22353464,True,RVentoTormo,,,,,,CellPhoneDBcore<=4.1,DLK1-NOTCH1,Signaling by Notch,Ligand-Receptor,
,,,,P80370,Q04721,DLK1_HUMAN,NOTC2_HUMAN,curated,PMID:22353464,True,RVentoTormo,,,,,,CellPhoneDBcore<=4.1,DLK1-NOTCH2,Signaling by Notch,Ligand-Receptor,
,,,,P80370,Q9UM47,DLK1_HUMAN,NOTC3_HUMAN,curated,PMID:22353464,True,RVentoTormo,,,,,,CellPhoneDBcore<=4.1,DLK1-NOTCH3,Signaling by Notch,Ligand-Receptor,
,,,,P80370,Q99466,DLK1_HUMAN,NOTC4_HUMAN,curated,PMID:22353464,True,RVentoTormo,,,,,,CellPhoneDBcore<=4.1,DLK1-NOTCH4,Signaling by Notch,Ligand-Receptor,
,,,,O00548,P46531,DLL1_HUMAN,NOTC1_HUMAN,curated,PMID:22353464,True,RVentoTormo,,,,,,CellPhoneDBcore<=4.1,DLL1-NOTCH1,Signaling by Notch,Ligand-Receptor,
,,,,O00548,Q04721,DLL1_HUMAN,NOTC2_HUMAN,curated,PMID:22353464,True,RVentoTormo,,,,,,CellPhoneDBcore<=4.1,DLL1-NOTCH2,Signaling by Notch,Ligand-Receptor,
,,,,O00548,Q9UM47,DLL1_HUMAN,NOTC3_HUMAN,curated,PMID:22353464,True,RVentoTormo,,,,,,CellPhoneDBcore<=4.1,DLL1-NOTCH3,Signaling by Notch,Ligand-Receptor,
,,,,O00548,Q99466,DLL1_HUMAN,NOTC4_HUMAN,curated,PMID:22353464,True,RVentoTormo,,,,,,CellPhoneDBcore<=4.1,DLL1-NOTCH4,Signaling by Notch,Ligand-Receptor,
,,,,Q9NYJ7,P46531,DLL3_HUMAN,NOTC1_HUMAN,curated,PMID:22353464,True,RVentoTormo,,,,,,CellPhoneDBcore<=4.1,DLL3-NOTCH1,Signaling by Notch,Ligand-Receptor,
,,,,Q9NYJ7,Q04721,DLL3_HUMAN,NOTC2_HUMAN,curated,PMID:22353464,True,RVentoTormo,,,,,,CellPhoneDBcore<=4.1,DLL3-NOTCH2,Signaling by Notch,Ligand-Receptor,
,,,,Q9NYJ7,Q9UM47,DLL3_HUMAN,NOTC3_HUMAN,curated,PMID:22353464,True,RVentoTormo,,,,,,CellPhoneDBcore<=4.1,DLL3-NOTCH3,Signaling by Notch,Ligand-Receptor,
,,,,Q9NYJ7,Q99466,DLL3_HUMAN,NOTC4_HUMAN,curated,PMID:22353464,True,RVentoTormo,,,,,,CellPhoneDBcore<=4.1,DLL3-NOTCH4,Signaling by Notch,Ligand-Receptor,
,,,,Q9NR61,P46531,DLL4_HUMAN,NOTC1_HUMAN,curated,PMID:22353464,True,RVentoTormo,,,,,,CellPhoneDBcore<=4.1,DLL4-NOTCH1,Signaling by Notch,Ligand-Receptor,
,,,,Q9NR61,Q04721,DLL4_HUMAN,NOTC2_HUMAN,curated,PMID:22353464,True,RVentoTormo,,,,,,CellPhoneDBcore<=4.1,DLL4-NOTCH2,Signaling by Notch,Ligand-Receptor,
,,,,Q9NR61,Q9UM47,DLL4_HUMAN,NOTC3_HUMAN,curated,PMID:22353464,True,RVentoTormo,,,,,,CellPhoneDBcore<=4.1,DLL4-NOTCH3,Signaling by Notch,Ligand-Receptor,
,,,,Q9NR61,Q99466,DLL4_HUMAN,NOTC4_HUMAN,curated,PMID:22353464,True,RVentoTormo,,,,,,CellPhoneDBcore<=4.1,DLL4-NOTCH4,Signaling by Notch,Ligand-Receptor,
,,,,P78504,P46531,JAG1_HUMAN,NOTC1_HUMAN,curated,PMID:22353464,True,RVentoTormo,,,,,,CellPhoneDBcore<=4.1,JAG1-NOTCH1,Signaling by Notch,Ligand-Receptor,
,,,,P78504,Q04721,JAG1_HUMAN,NOTC2_HUMAN,curated,PMID:22353464,True,RVentoTormo,,,,,,CellPhoneDBcore<=4.1,JAG1-NOTCH2,Signaling by Notch,Ligand-Receptor,
,,,,P78504,Q9UM47,JAG1_HUMAN,NOTC3_HUMAN,curated,PMID:22353464,True,RVentoTormo,,,,,,CellPhoneDBcore<=4.1,JAG1-NOTCH3,Signaling by Notch,Ligand-Receptor,
,,,,P78504,Q99466,JAG1_HUMAN,NOTC4_HUMAN,curated,PMID:22353464,True,RVentoTormo,,,,,,CellPhoneDBcore<=4.1,JAG1-NOTCH4,Signaling by Notch,Ligand-Receptor,
,,,,Q9Y219,P46531,JAG2_HUMAN,NOTC1_HUMAN,curated,PMID:22353464,True,RVentoTormo,,,,,,CellPhoneDBcore<=4.1,JAG2-NOTCH1,Signaling by Notch,Ligand-Receptor,
,,,,Q9Y219,Q04721,JAG2_HUMAN,NOTC2_HUMAN,curated,PMID:22353464,True,RVentoTormo,,,,,,CellPhoneDBcore<=4.1,JAG2-NOTCH2,Signaling by Notch,Ligand-Receptor,
,,,,Q9Y219,Q9UM47,JAG2_HUMAN,NOTC3_HUMAN,curated,PMID:22353464,True,RVentoTormo,,,,,,CellPhoneDBcore<=4.1,JAG2-NOTCH3,Signaling by Notch,Ligand-Receptor,
,,,,Q9Y219,Q99466,JAG2_HUMAN,NOTC4_HUMAN,curated,PMID:22353464,True,RVentoTormo,,,,,,CellPhoneDBcore<=4.1,JAG2-NOTCH4,Signaling by Notch,Ligand-Receptor,
,,,,Q03405,integrin_a4b1_complex,UPAR_HUMAN,,curated,PMID:11053440,True,RVentoTormo,,,,,,CellPhoneDBcore<=4.1,PLAUR-ITGA4+ITGB1,Signaling by Plasminogen Activator,Receptor-Receptor,
,,,,Q03405,integrin_aVb3_complex,UPAR_HUMAN,,curated,PMID:11053440;PMID:15863511,True,RVentoTormo,,,,,,CellPhoneDBcore<=4.1,PLAUR-ITGAV+ITGB3,Signaling by Plasminogen Activator,Receptor-Receptor,
,,,,Q6X4U4,O75197,SOSD1_HUMAN,LRP5_HUMAN,curated,PMID:24532711,True,RVentoTormo,,,,,WNT antagonist,CellPhoneDBcore<=4.1,SOSTDC1-LRP5,Signaling by Sclerostin domain-containing protein,Ligand-Receptor,
,,,,Q6X4U4,O75581,SOSD1_HUMAN,LRP6_HUMAN,curated,PMID:24532711,True,RVentoTormo,,,,,WNT antagonist,CellPhoneDBcore<=4.1,SOSTDC1-LRP6,Signaling by Sclerostin domain-containing protein,Ligand-Receptor,
,,,,P16581,Q92896,LYAM2_HUMAN,GSLG1_HUMAN,curated,PMID:11404363,True,RVentoTormo,,,,,,CellPhoneDBcore<=4.1,SELE-GLG1,Signaling by Selectin,Ligand-Receptor,
,,,,Q14242,P16581,SELPL_HUMAN,LYAM2_HUMAN,curated,PMC4571854,True,RVentoTormo,,,,,,CellPhoneDBcore<=4.1,SELPLG-SELE,Signaling by Selectin,Ligand-Receptor,
,,,,Q14242,P14151,SELPL_HUMAN,LYAM1_HUMAN,curated,PMC2431087;PMID:8892633;PMID:8896607,True,RVentoTormo,,,,,,CellPhoneDBcore<=4.1,SELPLG-SELL,Signaling by Selectin,Ligand-Receptor,
,,,,Q14242,P16109,SELPL_HUMAN,LYAM3_HUMAN,curated,PMID:19118202;PMID:9829984;PMID:12393589,True,RVentoTormo,,,,,,CellPhoneDBcore<=4.1,SELPLG-SELP,Signaling by Selectin,Ligand-Receptor,
,,,,Q14563,PlexinA1_complex3,SEM3A_HUMAN,,curated,PMID:22325954,True,RVentoTormo,,,,,,CellPhoneDBcore<=4.1,SEMA3A-NRP1+PLXNA1,Signaling by Semaphorin,Ligand-Receptor,
,,,,Q14563,PlexinA2_complex1,SEM3A_HUMAN,,curated,PMID:22325954,True,RVentoTormo,,,,,,CellPhoneDBcore<=4.1,SEMA3A-NRP1+PLXNA2,Signaling by Semaphorin,Ligand-Receptor,
,,,,Q14563,PlexinA3_complex1,SEM3A_HUMAN,,curated,PMID:22325954,True,RVentoTormo,,,,,,CellPhoneDBcore<=4.1,SEMA3A-NRP1+PLXNA3,Signaling by Semaphorin,Ligand-Receptor,
,,,,Q14563,PlexinA4_complex1,SEM3A_HUMAN,,curated,PMID:22325954,True,RVentoTormo,,,,,,CellPhoneDBcore<=4.1,SEMA3A-NRP1+PLXNA4,Signaling by Semaphorin,Ligand-Receptor,
,,,,O15041,Q9Y4D7,SEM3E_HUMAN,PLXD1_HUMAN,curated,PMID:22325954,True,RVentoTormo,,,,,,CellPhoneDBcore<=4.1,SEMA3E-PLXND1,Signaling by Semaphorin,Ligand-Receptor,
,,,,Q9H3S1,Q9Y4D7,SEM4A_HUMAN,PLXD1_HUMAN,curated,PMID:22325954,True,RVentoTormo,,,,,,CellPhoneDBcore<=4.1,SEMA4A-PLXND1,Signaling by Semaphorin,Ligand-Receptor,
,,,,Q92854,P21854,SEM4D_HUMAN,CD72_HUMAN,curated,PMID:22325954,True,RVentoTormo,,,,,,CellPhoneDBcore<=4.1,SEMA4D-CD72,Signaling by Semaphorin,Ligand-Receptor,
,,,,Q92854,O43157,SEM4D_HUMAN,PLXB1_HUMAN,curated,PMID:22325954,True,RVentoTormo,,,,,,CellPhoneDBcore<=4.1,SEMA4D-PLXNB1,Signaling by Semaphorin,Ligand-Receptor,
,,,,Q92854,O15031,SEM4D_HUMAN,PLXB2_HUMAN,curated,PMID:22325954,True,RVentoTormo,,,,,,CellPhoneDBcore<=4.1,SEMA4D-PLXNB2,Signaling by Semaphorin,Ligand-Receptor,
,,,,Q92854,P08575,SEM4D_HUMAN,PTPRC_HUMAN,curated,PMID:22325954,True,LGarciaAlonso,R-HSA-373689,R-HSA-373746,,,,CellPhoneDBcore<=4.1,SEMA4D-PTPRC,Signaling by Semaphorin,Ligand-Receptor,
,,,,Q8NFY4,PlexinA1_complex1,SEM6D_HUMAN,,curated,PMID:22325954,True,RVentoTormo,,,,,,CellPhoneDBcore<=4.1,SEMA6D-KDR+PLXNA1,Signaling by Semaphorin,Ligand-Receptor,
,,,,Q8NFY4,PlexinA1_complex2,SEM6D_HUMAN,,curated,PMID:22325954,True,RVentoTormo,,,,,,CellPhoneDBcore<=4.1,SEMA6D-PLXNA1+TREM2+TYROBP,Signaling by Semaphorin,Ligand-Receptor,
,,,,O75326,integrin_a1b1_complex,SEM7A_HUMAN,,curated,PMID:22325954,True,RVentoTormo,,,,,,CellPhoneDBcore<=4.1,SEMA7A-ITGA1+ITGB1,Signaling by Semaphorin,Ligand-Receptor,
,,,,O75326,O60486,SEM7A_HUMAN,PLXC1_HUMAN,curated,PMID:22325954,True,RVentoTormo,,,,,,CellPhoneDBcore<=4.1,SEMA7A-PLXNC1,Signaling by Semaphorin,Ligand-Receptor,
,,,,Q96PX8,P23468,SLIK1_HUMAN,PTPRD_HUMAN,curated,PMID:29100073;PMID:34966732,True,JCranley,,,,,,CellPhoneDBcore4.1,SLITRK1-PTPRD,Signaling by SLIT and NTRK-like protein,Ligand-Receptor,
,,,,Q96PX8,Q13332,SLIK1_HUMAN,PTPRS_HUMAN,curated,PMID:29100073;PMID:34966732,True,JCranley,,,,,,CellPhoneDBcore4.1,SLITRK1-PTPRS,Signaling by SLIT and NTRK-like protein,Ligand-Receptor,
,,,,Q9H156,P23468,SLIK2_HUMAN,PTPRD_HUMAN,curated,PMID:29100073;PMID:34966732,True,JCranley,,,,,,CellPhoneDBcore4.1,SLITRK2-PTPRD,Signaling by SLIT and NTRK-like protein,Ligand-Receptor,
,,,,Q9H156,Q13332,SLIK2_HUMAN,PTPRS_HUMAN,curated,PMID:29100073;PMID:34966732,True,JCranley,,,,,,CellPhoneDBcore4.1,SLITRK2-PTPRS,Signaling by SLIT and NTRK-like protein,Ligand-Receptor,
,,,,O94933,P23468,SLIK3_HUMAN,PTPRD_HUMAN,curated,PMID:29100073;PMID:34966732,True,JCranley,,,,,,CellPhoneDBcore4.1,SLITRK3-PTPRD,Signaling by SLIT and NTRK-like protein,Ligand-Receptor,
,,,,Q8IW52,Q13332,SLIK4_HUMAN,PTPRS_HUMAN,curated,PMID:29100073;PMID:34966732,True,JCranley,,,,,,CellPhoneDBcore4.1,SLITRK4-PTPRS,Signaling by SLIT and NTRK-like protein,Ligand-Receptor,
,,,,O94991,Q13332,SLIK5_HUMAN,PTPRS_HUMAN,curated,PMID:29100073;PMID:34966732,True,JCranley,,,,,,CellPhoneDBcore4.1,SLITRK5-PTPRS,Signaling by SLIT and NTRK-like protein,Ligand-Receptor,
,,,,Q9H5Y7,Q13332,SLIK6_HUMAN,PTPRS_HUMAN,curated,PMID:29100073;PMID:34966732,True,JCranley,,,,,,CellPhoneDBcore4.1,SLITRK6-PTPRS,Signaling by SLIT and NTRK-like protein,Ligand-Receptor,
,,,,Q9UKZ4,O94910,TEN1_HUMAN,AGRL1_HUMAN,curated,PMID:29100073;PMID:31354411,True,JCranley,,,,,,CellPhoneDBcore4.1,TENM1-ADGRL1,Signaling by Teneurin,Ligand-Receptor,
,,,,Q9UKZ4,O95490,TEN1_HUMAN,AGRL2_HUMAN,curated,PMID:29100073;PMID:31354411,True,JCranley,,,,,,CellPhoneDBcore4.1,TENM1-ADGRL2,Signaling by Teneurin,Ligand-Receptor,
,,,,Q9UKZ4,Q9HAR2,TEN1_HUMAN,AGRL3_HUMAN,curated,PMID:29100073;PMID:31354411,True,JCranley,,,,,,CellPhoneDBcore4.1,TENM1-ADGRL3,Signaling by Teneurin,Ligand-Receptor,
,,,,Q9NT68,O94910,TEN2_HUMAN,AGRL1_HUMAN,curated,PMID:29100073;PMID:31354411,True,JCranley,,,,,,CellPhoneDBcore4.1,TENM2-ADGRL1,Signaling by Teneurin,Ligand-Receptor,
,,,,Q9NT68,O95490,TEN2_HUMAN,AGRL2_HUMAN,curated,PMID:29100073;PMID:31354411,True,JCranley,,,,,,CellPhoneDBcore4.1,TENM2-ADGRL2,Signaling by Teneurin,Ligand-Receptor,
,,,,Q9NT68,Q9HAR2,TEN2_HUMAN,AGRL3_HUMAN,curated,PMID:29100073;PMID:31354411,True,JCranley,,,,,,CellPhoneDBcore4.1,TENM2-ADGRL3,Signaling by Teneurin,Ligand-Receptor,
,,,,Q9P273,O94910,TEN3_HUMAN,AGRL1_HUMAN,curated,PMID:29100073;PMID:31354411,True,JCranley,,,,,,CellPhoneDBcore4.1,TENM3-ADGRL1,Signaling by Teneurin,Ligand-Receptor,
,,,,Q9P273,O95490,TEN3_HUMAN,AGRL2_HUMAN,curated,PMID:29100073;PMID:31354411,True,JCranley,,,,,,CellPhoneDBcore4.1,TENM3-ADGRL2,Signaling by Teneurin,Ligand-Receptor,
,,,,Q9P273,Q9HAR2,TEN3_HUMAN,AGRL3_HUMAN,curated,PMID:29100073;PMID:31354411,True,JCranley,,,,,,CellPhoneDBcore4.1,TENM3-ADGRL3,Signaling by Teneurin,Ligand-Receptor,
,,,,Q6N022,O94910,TEN4_HUMAN,AGRL1_HUMAN,curated,PMID:29100073;PMID:31354411,True,JCranley,,,,,,CellPhoneDBcore4.1,TENM4-ADGRL1,Signaling by Teneurin,Ligand-Receptor,
,,,,Q6N022,O95490,TEN4_HUMAN,AGRL2_HUMAN,curated,PMID:29100073;PMID:31354411,True,JCranley,,,,,,CellPhoneDBcore4.1,TENM4-ADGRL2,Signaling by Teneurin,Ligand-Receptor,
,,,,Q6N022,Q9HAR2,TEN4_HUMAN,AGRL3_HUMAN,curated,PMID:29100073;PMID:31354411,True,JCranley,,,,,,CellPhoneDBcore4.1,TENM4-ADGRL3,Signaling by Teneurin,Ligand-Receptor,
,,,,P04216,integrin_aMb2_complex,THY1_HUMAN,,curated,PMID:15850796,True,RVentoTormo,,,,,,CellPhoneDBcore<=4.1,THY1-ITGAM+ITGB2,Adhesion by antigen THY1,Adhesion-Adhesion,
,,,,P04216,integrin_aVb3_complex,THY1_HUMAN,,curated,PMID:29212879;PMID:18346467;https:www.ncbi.nlm.nih.gov,True,RVentoTormo,,,,,,CellPhoneDBcore<=4.1,THY1-ITGAV+ITGB3,Adhesion by antigen THY1,Adhesion-Adhesion,
,,,,P04216,integrin_aXb2_complex,THY1_HUMAN,,curated,PMID:15850796,True,RVentoTormo,,,,,,CellPhoneDBcore<=4.1,THY1-ITGAX+ITGB2,Adhesion by antigen THY1,Adhesion-Adhesion,
,,,,Q7Z6A9,Q92956,BTLA_HUMAN,TNR14_HUMAN,curated,PMID:31204070;uniprot,True,LGarciaAlonso,,,,,,CellPhoneDBcore<=4.1,BTLA-TNFRSF14,Signaling by Tumor necrosis factor,Ligand-Receptor,
,,,,O95971,Q92956,BY55_HUMAN,TNR14_HUMAN,curated,PMID:21959263,True,RVentoTormo,,,,,,CellPhoneDBcore<=4.1,CD160-TNFRSF14,Signaling by Tumor necrosis factor,Adhesion-Adhesion,
,,,,Q9GZT5,Q92765,WN10A_HUMAN,SFRP3_HUMAN,curated,PMID:29979633,True,LGarciaAlonso,,,,,Inhibition WNT. Soluble proteins,CellPhoneDBcore<=4.1,WNT10A-FRZB,Signaling by WNT inhibition,Ligand-Ligand,Inhibitory
,,,,Q9GZT5,FZD1_LRP5,WN10A_HUMAN,,curated,PMID:28733458,True,LGarciaAlonso,,,,,low affinity interaction,CellPhoneDBcore<=4.1,WNT10A-FZD1+LRP5,Signaling by WNT,Ligand-Receptor,
,,,,Q9GZT5,FZD1_LRP6,WN10A_HUMAN,,curated,PMID:28733458,True,LGarciaAlonso,,,,,low affinity interaction,CellPhoneDBcore<=4.1,WNT10A-FZD1+LRP6,Signaling by WNT,Ligand-Receptor,
,,,,Q9GZT5,FZD5_LRP5,WN10A_HUMAN,,curated,PMID:28733458,True,LGarciaAlonso,,,,,low affinity interaction,CellPhoneDBcore<=4.1,WNT10A-FZD5+LRP5,Signaling by WNT,Ligand-Receptor,
,,,,Q9GZT5,FZD5_LRP6,WN10A_HUMAN,,curated,PMID:28733458,True,LGarciaAlonso,,,,,low affinity interaction,CellPhoneDBcore<=4.1,WNT10A-FZD5+LRP6,Signaling by WNT,Ligand-Receptor,
,,,,Q9GZT5,FZD7_LRP5,WN10A_HUMAN,,curated,PMID:28733458,True,LGarciaAlonso,,,,,low affinity interaction,CellPhoneDBcore<=4.1,WNT10A-FZD7+LRP5,Signaling by WNT,Ligand-Receptor,
,,,,Q9GZT5,FZD7_LRP6,WN10A_HUMAN,,curated,PMID:28733458,True,LGarciaAlonso,,,,,low affinity interaction,CellPhoneDBcore<=4.1,WNT10A-FZD7+LRP6,Signaling by WNT,Ligand-Receptor,
,,,,Q9GZT5,FZD8_LRP5,WN10A_HUMAN,,curated,PMID:28733458,True,LGarciaAlonso,,,,,low affinity interaction,CellPhoneDBcore<=4.1,WNT10A-FZD8+LRP5,Signaling by WNT,Ligand-Receptor,
,,,,Q9GZT5,FZD8_LRP6,WN10A_HUMAN,,curated,PMID:28733458,True,LGarciaAlonso,,,,,low affinity interaction,CellPhoneDBcore<=4.1,WNT10A-FZD8+LRP6,Signaling by WNT,Ligand-Receptor,
,,,,P05111,ACVR_1A2A_receptor,INHA_HUMAN,,curated,PMID:22710174;PMID:22991378,True,LGarciaAlonso,,,,,,CellPhoneDBcore<=4.1,INHA-ACVR1+ACVR2A,Signaling by Inhibin/Activin,Ligand-Receptor,
,,,,P05111,ACVR_1A2B_receptor,INHA_HUMAN,,curated,PMID:22710174;PMID:22991378,True,LGarciaAlonso,,,,,,CellPhoneDBcore<=4.1,INHA-ACVR1+ACVR2B,Signaling by Inhibin/Activin,Ligand-Receptor,
,,,,P05111,ACVR_1B2A_receptor,INHA_HUMAN,,curated,PMID:22710174;PMID:22991378,True,LGarciaAlonso,,,,,,CellPhoneDBcore<=4.1,INHA-ACVR1B+ACVR2A,Signaling by Inhibin/Activin,Ligand-Receptor,
,,,,P05111,ACVR_1B2B_receptor,INHA_HUMAN,,curated,PMID:22710174;PMID:22991378,True,LGarciaAlonso,,,,,,CellPhoneDBcore<=4.1,INHA-ACVR1B+ACVR2B,Signaling by Inhibin/Activin,Ligand-Receptor,
,,,,P05111,ACVR_1C2A_receptor,INHA_HUMAN,,curated,PMID:22710174;PMID:22991378,True,LGarciaAlonso,,,,,,CellPhoneDBcore<=4.1,INHA-ACVR1C+ACVR2A,Signaling by Inhibin/Activin,Ligand-Receptor,
,,,,P05111,ACVR_1C2B_receptor,INHA_HUMAN,,curated,PMID:22710174;PMID:22991378,True,LGarciaAlonso,,,,,,CellPhoneDBcore<=4.1,INHA-ACVR1C+ACVR2B,Signaling by Inhibin/Activin,Ligand-Receptor,
,,,,Inhibin_ligand_A,ACVR_1A2A_receptor,,,curated,PMID:22710174;PMID:22991378,True,LGarciaAlonso,,,,,,CellPhoneDBcore<=4.1,INHA+INHBA-ACVR1+ACVR2A,Signaling by Inhibin/Activin,Ligand-Receptor,
,,,,Inhibin_ligand_A,ACVR_1A2B_receptor,,,curated,PMID:22710174;PMID:22991378,True,LGarciaAlonso,,,,,,CellPhoneDBcore<=4.1,INHA+INHBA-ACVR1+ACVR2B,Signaling by Inhibin/Activin,Ligand-Receptor,
,,,,Inhibin_ligand_A,ACVR_1B2A_receptor,,,curated,PMID:22710174;PMID:22991378,True,LGarciaAlonso,,,,,,CellPhoneDBcore<=4.1,INHA+INHBA-ACVR1B+ACVR2A,Signaling by Inhibin/Activin,Ligand-Receptor,
,,,,Inhibin_ligand_A,ACVR_1B2B_receptor,,,curated,PMID:22710174;PMID:22991378,True,LGarciaAlonso,,,,,,CellPhoneDBcore<=4.1,INHA+INHBA-ACVR1B+ACVR2B,Signaling by Inhibin/Activin,Ligand-Receptor,
,,,,Inhibin_ligand_A,ACVR_1C2A_receptor,,,curated,PMID:22710174;PMID:22991378,True,LGarciaAlonso,,,,,,CellPhoneDBcore<=4.1,INHA+INHBA-ACVR1C+ACVR2A,Signaling by Inhibin/Activin,Ligand-Receptor,
,,,,Inhibin_ligand_A,ACVR_1C2B_receptor,,,curated,PMID:22710174;PMID:22991378,True,LGarciaAlonso,,,,,,CellPhoneDBcore<=4.1,INHA+INHBA-ACVR1C+ACVR2B,Signaling by Inhibin/Activin,Ligand-Receptor,
,,,,Inhibin_ligand_B,ACVR_1A2A_receptor,,,curated,PMID:22710174;PMID:22991378,True,LGarciaAlonso,,,,,,CellPhoneDBcore<=4.1,INHA+INHBB-ACVR1+ACVR2A,Signaling by Inhibin/Activin,Ligand-Receptor,
,,,,Inhibin_ligand_B,ACVR_1A2B_receptor,,,curated,PMID:22710174;PMID:22991378,True,LGarciaAlonso,,,,,,CellPhoneDBcore<=4.1,INHA+INHBB-ACVR1+ACVR2B,Signaling by Inhibin/Activin,Ligand-Receptor,
,,,,Inhibin_ligand_B,ACVR_1B2A_receptor,,,curated,PMID:22710174;PMID:22991378,True,LGarciaAlonso,,,,,,CellPhoneDBcore<=4.1,INHA+INHBB-ACVR1B+ACVR2A,Signaling by Inhibin/Activin,Ligand-Receptor,
,,,,Inhibin_ligand_B,ACVR_1B2B_receptor,,,curated,PMID:22710174;PMID:22991378,True,LGarciaAlonso,,,,,,CellPhoneDBcore<=4.1,INHA+INHBB-ACVR1B+ACVR2B,Signaling by Inhibin/Activin,Ligand-Receptor,
,,,,Inhibin_ligand_B,ACVR_1C2A_receptor,,,curated,PMID:22710174;PMID:22991378,True,LGarciaAlonso,,,,,,CellPhoneDBcore<=4.1,INHA+INHBB-ACVR1C+ACVR2A,Signaling by Inhibin/Activin,Ligand-Receptor,
,,,,Inhibin_ligand_B,ACVR_1C2B_receptor,,,curated,PMID:22710174;PMID:22991378,True,LGarciaAlonso,,,,,,CellPhoneDBcore<=4.1,INHA+INHBB-ACVR1C+ACVR2B,Signaling by Inhibin/Activin,Ligand-Receptor,
,,,,P55103,P27037,INHBC_HUMAN,AVR2A_HUMAN,curated,PMID:22710174,True,RVentoTormo,,,,,,CellPhoneDBcore<=4.1,INHBC-ACVR2A,Signaling by Inhibin/Activin,Ligand-Receptor,
,,,,P55103,Q13705,INHBC_HUMAN,AVR2B_HUMAN,curated,PMID:22710174,True,RVentoTormo,,,,,,CellPhoneDBcore<=4.1,INHBC-ACVR2B,Signaling by Inhibin/Activin,Ligand-Receptor,
,,,,P58166,P27037,INHBE_HUMAN,AVR2A_HUMAN,curated,PMID:22710174,True,RVentoTormo,,,,,,CellPhoneDBcore<=4.1,INHBE-ACVR2A,Signaling by Inhibin/Activin,Ligand-Receptor,
,,,,P58166,Q13705,INHBE_HUMAN,AVR2B_HUMAN,curated,PMID:22710174,True,RVentoTormo,,,,,,CellPhoneDBcore<=4.1,INHBE-ACVR2B,Signaling by Inhibin/Activin,Ligand-Receptor,
,,,,Q10589,P59901,BST2_HUMAN,LIRA4_HUMAN,curated,PMID:19564354,True,RVentoTormo,,,,,,CellPhoneDBcore<=4.1,BST2-LILRA4,,Ligand-Receptor,
,,,,P15813,Q8N423,CD1D_HUMAN,LIRB2_HUMAN,curated,PMID:19124746,True,RVentoTormo,,,,,,CellPhoneDBcore<=4.1,CD1D-LILRB2,,Ligand-Receptor,
,,,,P41217,Q8TD46,OX2G_HUMAN,MO2R1_HUMAN,curated,PMID:22020332;also_called_CD200_CD200R,True,RVentoTormo,,,,,,CellPhoneDBcore<=4.1,CD200-CD200R1,,Ligand-Receptor,
,,,,P25063,P16109,CD24_HUMAN,LYAM3_HUMAN,curated,PMID:9129046,True,RVentoTormo,,,,,,CellPhoneDBcore<=4.1,CD24-SELP,,Ligand-Receptor,
,,,,Q9NZQ7,P33681,PD1L1_HUMAN,CD80_HUMAN,curated,PMID:17629517;PMID:18585785;PMC3168865,True,RVentoTormo,,,,,,CellPhoneDBcore<=4.1,CD274-CD80,,Ligand-Receptor,
,,,,Q9NZQ7,Q15116,PD1L1_HUMAN,PDCD1_HUMAN,curated,integrin_antigen_stimulated_T_cells_become_anergic._PMID:23954143,True,RVentoTormo,,,,,,CellPhoneDBcore<=4.1,CD274-PDCD1,,Ligand-Receptor,
,,,,P28906,P16109,CD34_HUMAN,LYAM3_HUMAN,curated,PMID:18606703,True,RVentoTormo,,,,,,CellPhoneDBcore<=4.1,CD34-SELP,,Ligand-Receptor,
,,,,P29965,P25942,CD40L_HUMAN,TNR5_HUMAN,curated,Reviewed_in_PMID:23602662,True,RVentoTormo,,,,,,CellPhoneDBcore<=4.1,CD40LG-CD40,,Ligand-Receptor,
,,,,P29965,integrin_a2Bb3_complex,CD40L_HUMAN,,curated,PMID:11875495,True,RVentoTormo,,,,,,CellPhoneDBcore<=4.1,CD40LG-ITGA2B+ITGB3,,Ligand-Receptor,
,,,,P29965,integrin_a5b1_complex,CD40L_HUMAN,,curated,PMC3365732,True,RVentoTormo,,,,,,CellPhoneDBcore<=4.1,CD40LG-ITGA5+ITGB1,,Ligand-Receptor,
,,,,P16070,P16581,CD44_HUMAN,LYAM2_HUMAN,curated,PMC4571854,True,RVentoTormo,,,,,,CellPhoneDBcore<=4.1,CD44-SELE,,Ligand-Receptor,
,,,,P31358,Q96LC7,CD52_HUMAN,SIG10_HUMAN,curated,PMID:23685786,True,RVentoTormo,,,,,,CellPhoneDBcore<=4.1,CD52-SIGLEC10,,Ligand-Receptor,
,,,,P40200,Q15223,TACT_HUMAN,PVRL1_HUMAN,curated,PMID:17971293,True,RVentoTormo,,,,,,CellPhoneDBcore<=4.1,CD96-NECTIN1,,Receptor-Receptor,
,,,,P10909,TREM2_receptor,CLUS_HUMAN,,curated,uniprot;PMID:27477014,True,LGarciaAlonso,,,,,,CellPhoneDBcore<=4.1,CLU-TREM2+TYROBP,,Ligand-Receptor,
,,,,P07359,integrin_aMb2_complex,GP1BA_HUMAN,,curated,PMC2194217,True,RVentoTormo,,,,,,CellPhoneDBcore<=4.1,GP1BA-ITGAM+ITGB2,,Ligand-Receptor,
,,,,Q12918,Q9UHP7,KLRB1_HUMAN,CLC2D_HUMAN,curated,Induces_NK_Cell_Inhibition._Reviewed_in_PMID:24223577,True,RVentoTormo,,,,,,CellPhoneDBcore<=4.1,KLRB1-CLEC2D,,Ligand-Receptor,
,,,,Q6GTX8,Q8NHJ6,LAIR1_HUMAN,LIRB4_HUMAN,curated,PMID:19283782,True,RVentoTormo,,,,,,CellPhoneDBcore<=4.1,LAIR1-LILRB4,,Receptor-Receptor,
,,,,Q9BQ51,Q15116,PD1L2_HUMAN,PDCD1_HUMAN,curated,antigen_stimulated_T_cells_become_anergic._PMID:23954143,True,RVentoTormo,,,,,,CellPhoneDBcore<=4.1,PDCD1LG2-PDCD1,,Ligand-Receptor,
,,,,P16284,P28907,PECA1_HUMAN,CD38_HUMAN,curated,PMID:9551996;PMID:26407101,True,RVentoTormo,,,,,,CellPhoneDBcore<=4.1,PECAM1-CD38,,Receptor-Receptor,
,,,,P02776,P49682,PLF4_HUMAN,CXCR3_HUMAN,curated,PMID:24218476,True,RVentoTormo,,,,,,CellPhoneDBcore<=4.1,PF4-CXCR3,,Ligand-Receptor,
,,,,P23468,Q9NPH3,PTPRD_HUMAN,IL1AP_HUMAN,curated,PMID:29100073;PMID:34966732,True,JCranley,,,,,,CellPhoneDBcore4.1,PTPRD-IL1RAP,,Ligand-Receptor,
,,,,P23468,Q9NZN1,PTPRD_HUMAN,IRPL1_HUMAN,curated,PMID:29100073;PMID:34966732,True,JCranley,,,,,,CellPhoneDBcore4.1,PTPRD-IL1RAPL1,,Ligand-Receptor,
,,,,P00797,O75787,RENI_HUMAN,RENR_HUMAN,curated,uniprot;HMRbase;_PMID:12045255,True,LGarciaAlonso,,,,,,CellPhoneDBcore<=4.1,REN-ATP6AP2,,Ligand-Receptor,
,,,,Q6ZMC9,P16070,SIG15_HUMAN,CD44_HUMAN,curated,PMID:31900164,True,LGarciaAlonso,,,,,,CellPhoneDBcore<=4.1,SIGLEC15-CD44,,Ligand-Receptor,
,,,,P16150,Q9BZZ2,LEUK_HUMAN,SN_HUMAN,curated,PMID:11238599,True,RVentoTormo,,,,,,CellPhoneDBcore<=4.1,SPN-SIGLEC1,,Ligand-Receptor,
,,,,Q8N6Q3,P16284,CD177_HUMAN,PECA1_HUMAN,curated,PMID:17580308,True,RVentoTormo,,,,,,CellPhoneDBcore<=4.1,CD177-PECAM1,,Ligand-Receptor,
,,,,Q14118,Q9HDB5,DAG1_HUMAN,NRX3B_HUMAN,curated,PMID:29100073,True,JCranley,,,,,,CellPhoneDBcore4.1,DAG1-NRXN3,,Ligand-Receptor,
,,,,Q8NFZ3,Q9HDB5,NLGNY_HUMAN,NRX3B_HUMAN,curated,PMID:29100073,True,JCranley,,,,,,CellPhoneDBcore4.1,NLGN4Y-NRXN3,,Ligand-Receptor,
,,,,P16070,O43914,TYOBP_HUMAN,SIG15_HUMAN,curated,PMID:31900164,True,LGarciaAlonso,,,,,,CellPhoneDBcore<=4.1,CD44-TYROBP,,Ligand-Receptor,
